database	omics_type	url	local_path	note
SoyOmics	genome	https://ngdc.cncb.ac.cn/soyomics/static/data/download/genome/SoyW02.v1.fasta.gz	soybean_SoyOmics/genome/SoyW02.v1.fasta.gz	processed_genome_annotation_sequence
SoyOmics	gene	https://ngdc.cncb.ac.cn/soyomics/static/data/download/gene/SoyW02.gene.gff.gz	soybean_SoyOmics/gene/SoyW02.gene.gff.gz	processed_genome_annotation_sequence
SoyOmics	mRNA	https://ngdc.cncb.ac.cn/soyomics/static/data/download/mRNA/SoyW02.v1.mRNA.fasta.gz	soybean_SoyOmics/mRNA/SoyW02.v1.mRNA.fasta.gz	processed_genome_annotation_sequence
SoyOmics	cds	https://ngdc.cncb.ac.cn/soyomics/static/data/download/cds/SoyW02.v1.CDS.fasta.gz	soybean_SoyOmics/cds/SoyW02.v1.CDS.fasta.gz	processed_genome_annotation_sequence
SoyOmics	protein	https://ngdc.cncb.ac.cn/soyomics/static/data/download/protein/SoyW02.v1.prot.fasta.gz	soybean_SoyOmics/protein/SoyW02.v1.prot.fasta.gz	processed_genome_annotation_sequence
SoyOmics	ncRNA	https://ngdc.cncb.ac.cn/soyomics/static/data/download/ncRNA/SoyW02.ncRNA.gff3.gz	soybean_SoyOmics/ncRNA/SoyW02.ncRNA.gff3.gz	processed_genome_annotation_sequence
SoyOmics	repeat	https://ngdc.cncb.ac.cn/soyomics/static/data/download/repeat/SoyW02.repeat.gff3.gz	soybean_SoyOmics/repeat/SoyW02.repeat.gff3.gz	processed_genome_annotation_sequence
SoyOmics	genome	https://ngdc.cncb.ac.cn/soyomics/static/data/download/genome/SoyW01.v1.fasta.gz	soybean_SoyOmics/genome/SoyW01.v1.fasta.gz	processed_genome_annotation_sequence
SoyOmics	gene	https://ngdc.cncb.ac.cn/soyomics/static/data/download/gene/SoyW01.gene.gff.gz	soybean_SoyOmics/gene/SoyW01.gene.gff.gz	processed_genome_annotation_sequence
SoyOmics	mRNA	https://ngdc.cncb.ac.cn/soyomics/static/data/download/mRNA/SoyW01.v1.mRNA.fasta.gz	soybean_SoyOmics/mRNA/SoyW01.v1.mRNA.fasta.gz	processed_genome_annotation_sequence
SoyOmics	cds	https://ngdc.cncb.ac.cn/soyomics/static/data/download/cds/SoyW01.v1.CDS.fasta.gz	soybean_SoyOmics/cds/SoyW01.v1.CDS.fasta.gz	processed_genome_annotation_sequence
SoyOmics	protein	https://ngdc.cncb.ac.cn/soyomics/static/data/download/protein/SoyW01.v1.prot.fasta.gz	soybean_SoyOmics/protein/SoyW01.v1.prot.fasta.gz	processed_genome_annotation_sequence
SoyOmics	ncRNA	https://ngdc.cncb.ac.cn/soyomics/static/data/download/ncRNA/SoyW01.ncRNA.gff3.gz	soybean_SoyOmics/ncRNA/SoyW01.ncRNA.gff3.gz	processed_genome_annotation_sequence
SoyOmics	repeat	https://ngdc.cncb.ac.cn/soyomics/static/data/download/repeat/SoyW01.repeat.gff3.gz	soybean_SoyOmics/repeat/SoyW01.repeat.gff3.gz	processed_genome_annotation_sequence
SoyOmics	genome	https://ngdc.cncb.ac.cn/soyomics/static/data/download/genome/SoyW03.v1.fasta.gz	soybean_SoyOmics/genome/SoyW03.v1.fasta.gz	processed_genome_annotation_sequence
SoyOmics	gene	https://ngdc.cncb.ac.cn/soyomics/static/data/download/gene/SoyW03.gene.gff.gz	soybean_SoyOmics/gene/SoyW03.gene.gff.gz	processed_genome_annotation_sequence
SoyOmics	mRNA	https://ngdc.cncb.ac.cn/soyomics/static/data/download/mRNA/SoyW03.v1.mRNA.fasta.gz	soybean_SoyOmics/mRNA/SoyW03.v1.mRNA.fasta.gz	processed_genome_annotation_sequence
SoyOmics	cds	https://ngdc.cncb.ac.cn/soyomics/static/data/download/cds/SoyW03.v1.CDS.fasta.gz	soybean_SoyOmics/cds/SoyW03.v1.CDS.fasta.gz	processed_genome_annotation_sequence
SoyOmics	protein	https://ngdc.cncb.ac.cn/soyomics/static/data/download/protein/SoyW03.v1.prot.fasta.gz	soybean_SoyOmics/protein/SoyW03.v1.prot.fasta.gz	processed_genome_annotation_sequence
SoyOmics	ncRNA	https://ngdc.cncb.ac.cn/soyomics/static/data/download/ncRNA/SoyW03.ncRNA.gff3.gz	soybean_SoyOmics/ncRNA/SoyW03.ncRNA.gff3.gz	processed_genome_annotation_sequence
SoyOmics	repeat	https://ngdc.cncb.ac.cn/soyomics/static/data/download/repeat/SoyW03.repeat.gff3.gz	soybean_SoyOmics/repeat/SoyW03.repeat.gff3.gz	processed_genome_annotation_sequence
SoyOmics	genome	https://ngdc.cncb.ac.cn/soyomics/static/data/download/genome/SoyL04.v1.fasta.gz	soybean_SoyOmics/genome/SoyL04.v1.fasta.gz	processed_genome_annotation_sequence
SoyOmics	gene	https://ngdc.cncb.ac.cn/soyomics/static/data/download/gene/SoyL04.gene.gff.gz	soybean_SoyOmics/gene/SoyL04.gene.gff.gz	processed_genome_annotation_sequence
SoyOmics	mRNA	https://ngdc.cncb.ac.cn/soyomics/static/data/download/mRNA/SoyL04.v1.mRNA.fasta.gz	soybean_SoyOmics/mRNA/SoyL04.v1.mRNA.fasta.gz	processed_genome_annotation_sequence
SoyOmics	cds	https://ngdc.cncb.ac.cn/soyomics/static/data/download/cds/SoyL04.v1.CDS.fasta.gz	soybean_SoyOmics/cds/SoyL04.v1.CDS.fasta.gz	processed_genome_annotation_sequence
SoyOmics	protein	https://ngdc.cncb.ac.cn/soyomics/static/data/download/protein/SoyL04.v1.prot.fasta.gz	soybean_SoyOmics/protein/SoyL04.v1.prot.fasta.gz	processed_genome_annotation_sequence
SoyOmics	ncRNA	https://ngdc.cncb.ac.cn/soyomics/static/data/download/ncRNA/SoyL04.ncRNA.gff3.gz	soybean_SoyOmics/ncRNA/SoyL04.ncRNA.gff3.gz	processed_genome_annotation_sequence
SoyOmics	repeat	https://ngdc.cncb.ac.cn/soyomics/static/data/download/repeat/SoyL04.repeat.gff3.gz	soybean_SoyOmics/repeat/SoyL04.repeat.gff3.gz	processed_genome_annotation_sequence
SoyOmics	genome	https://ngdc.cncb.ac.cn/soyomics/static/data/download/genome/SoyL07.v1.fasta.gz	soybean_SoyOmics/genome/SoyL07.v1.fasta.gz	processed_genome_annotation_sequence
SoyOmics	gene	https://ngdc.cncb.ac.cn/soyomics/static/data/download/gene/SoyL07.gene.gff.gz	soybean_SoyOmics/gene/SoyL07.gene.gff.gz	processed_genome_annotation_sequence
SoyOmics	mRNA	https://ngdc.cncb.ac.cn/soyomics/static/data/download/mRNA/SoyL07.v1.mRNA.fasta.gz	soybean_SoyOmics/mRNA/SoyL07.v1.mRNA.fasta.gz	processed_genome_annotation_sequence
SoyOmics	cds	https://ngdc.cncb.ac.cn/soyomics/static/data/download/cds/SoyL07.v1.CDS.fasta.gz	soybean_SoyOmics/cds/SoyL07.v1.CDS.fasta.gz	processed_genome_annotation_sequence
SoyOmics	protein	https://ngdc.cncb.ac.cn/soyomics/static/data/download/protein/SoyL07.v1.prot.fasta.gz	soybean_SoyOmics/protein/SoyL07.v1.prot.fasta.gz	processed_genome_annotation_sequence
SoyOmics	ncRNA	https://ngdc.cncb.ac.cn/soyomics/static/data/download/ncRNA/SoyL07.ncRNA.gff3.gz	soybean_SoyOmics/ncRNA/SoyL07.ncRNA.gff3.gz	processed_genome_annotation_sequence
SoyOmics	repeat	https://ngdc.cncb.ac.cn/soyomics/static/data/download/repeat/SoyL07.repeat.gff3.gz	soybean_SoyOmics/repeat/SoyL07.repeat.gff3.gz	processed_genome_annotation_sequence
SoyOmics	genome	https://ngdc.cncb.ac.cn/soyomics/static/data/download/genome/SoyL05.v1.fasta.gz	soybean_SoyOmics/genome/SoyL05.v1.fasta.gz	processed_genome_annotation_sequence
SoyOmics	gene	https://ngdc.cncb.ac.cn/soyomics/static/data/download/gene/SoyL05.gene.gff.gz	soybean_SoyOmics/gene/SoyL05.gene.gff.gz	processed_genome_annotation_sequence
SoyOmics	mRNA	https://ngdc.cncb.ac.cn/soyomics/static/data/download/mRNA/SoyL05.v1.mRNA.fasta.gz	soybean_SoyOmics/mRNA/SoyL05.v1.mRNA.fasta.gz	processed_genome_annotation_sequence
SoyOmics	cds	https://ngdc.cncb.ac.cn/soyomics/static/data/download/cds/SoyL05.v1.CDS.fasta.gz	soybean_SoyOmics/cds/SoyL05.v1.CDS.fasta.gz	processed_genome_annotation_sequence
SoyOmics	protein	https://ngdc.cncb.ac.cn/soyomics/static/data/download/protein/SoyL05.v1.prot.fasta.gz	soybean_SoyOmics/protein/SoyL05.v1.prot.fasta.gz	processed_genome_annotation_sequence
SoyOmics	ncRNA	https://ngdc.cncb.ac.cn/soyomics/static/data/download/ncRNA/SoyL05.ncRNA.gff3.gz	soybean_SoyOmics/ncRNA/SoyL05.ncRNA.gff3.gz	processed_genome_annotation_sequence
SoyOmics	repeat	https://ngdc.cncb.ac.cn/soyomics/static/data/download/repeat/SoyL05.repeat.gff3.gz	soybean_SoyOmics/repeat/SoyL05.repeat.gff3.gz	processed_genome_annotation_sequence
SoyOmics	genome	https://ngdc.cncb.ac.cn/soyomics/static/data/download/genome/SoyL09.v1.fasta.gz	soybean_SoyOmics/genome/SoyL09.v1.fasta.gz	processed_genome_annotation_sequence
SoyOmics	gene	https://ngdc.cncb.ac.cn/soyomics/static/data/download/gene/SoyL09.gene.gff.gz	soybean_SoyOmics/gene/SoyL09.gene.gff.gz	processed_genome_annotation_sequence
SoyOmics	mRNA	https://ngdc.cncb.ac.cn/soyomics/static/data/download/mRNA/SoyL09.v1.mRNA.fasta.gz	soybean_SoyOmics/mRNA/SoyL09.v1.mRNA.fasta.gz	processed_genome_annotation_sequence
SoyOmics	cds	https://ngdc.cncb.ac.cn/soyomics/static/data/download/cds/SoyL09.v1.CDS.fasta.gz	soybean_SoyOmics/cds/SoyL09.v1.CDS.fasta.gz	processed_genome_annotation_sequence
SoyOmics	protein	https://ngdc.cncb.ac.cn/soyomics/static/data/download/protein/SoyL09.v1.prot.fasta.gz	soybean_SoyOmics/protein/SoyL09.v1.prot.fasta.gz	processed_genome_annotation_sequence
SoyOmics	ncRNA	https://ngdc.cncb.ac.cn/soyomics/static/data/download/ncRNA/SoyL09.ncRNA.gff3.gz	soybean_SoyOmics/ncRNA/SoyL09.ncRNA.gff3.gz	processed_genome_annotation_sequence
SoyOmics	repeat	https://ngdc.cncb.ac.cn/soyomics/static/data/download/repeat/SoyL09.repeat.gff3.gz	soybean_SoyOmics/repeat/SoyL09.repeat.gff3.gz	processed_genome_annotation_sequence
SoyOmics	genome	https://ngdc.cncb.ac.cn/soyomics/static/data/download/genome/SoyL08.v1.fasta.gz	soybean_SoyOmics/genome/SoyL08.v1.fasta.gz	processed_genome_annotation_sequence
SoyOmics	gene	https://ngdc.cncb.ac.cn/soyomics/static/data/download/gene/SoyL08.gene.gff.gz	soybean_SoyOmics/gene/SoyL08.gene.gff.gz	processed_genome_annotation_sequence
SoyOmics	mRNA	https://ngdc.cncb.ac.cn/soyomics/static/data/download/mRNA/SoyL08.v1.mRNA.fasta.gz	soybean_SoyOmics/mRNA/SoyL08.v1.mRNA.fasta.gz	processed_genome_annotation_sequence
SoyOmics	cds	https://ngdc.cncb.ac.cn/soyomics/static/data/download/cds/SoyL08.v1.CDS.fasta.gz	soybean_SoyOmics/cds/SoyL08.v1.CDS.fasta.gz	processed_genome_annotation_sequence
SoyOmics	protein	https://ngdc.cncb.ac.cn/soyomics/static/data/download/protein/SoyL08.v1.prot.fasta.gz	soybean_SoyOmics/protein/SoyL08.v1.prot.fasta.gz	processed_genome_annotation_sequence
SoyOmics	ncRNA	https://ngdc.cncb.ac.cn/soyomics/static/data/download/ncRNA/SoyL08.ncRNA.gff3.gz	soybean_SoyOmics/ncRNA/SoyL08.ncRNA.gff3.gz	processed_genome_annotation_sequence
SoyOmics	repeat	https://ngdc.cncb.ac.cn/soyomics/static/data/download/repeat/SoyL08.repeat.gff3.gz	soybean_SoyOmics/repeat/SoyL08.repeat.gff3.gz	processed_genome_annotation_sequence
SoyOmics	genome	https://ngdc.cncb.ac.cn/soyomics/static/data/download/genome/SoyL03.v1.fasta.gz	soybean_SoyOmics/genome/SoyL03.v1.fasta.gz	processed_genome_annotation_sequence
SoyOmics	gene	https://ngdc.cncb.ac.cn/soyomics/static/data/download/gene/SoyL03.gene.gff.gz	soybean_SoyOmics/gene/SoyL03.gene.gff.gz	processed_genome_annotation_sequence
SoyOmics	mRNA	https://ngdc.cncb.ac.cn/soyomics/static/data/download/mRNA/SoyL03.v1.mRNA.fasta.gz	soybean_SoyOmics/mRNA/SoyL03.v1.mRNA.fasta.gz	processed_genome_annotation_sequence
SoyOmics	cds	https://ngdc.cncb.ac.cn/soyomics/static/data/download/cds/SoyL03.v1.CDS.fasta.gz	soybean_SoyOmics/cds/SoyL03.v1.CDS.fasta.gz	processed_genome_annotation_sequence
SoyOmics	protein	https://ngdc.cncb.ac.cn/soyomics/static/data/download/protein/SoyL03.v1.prot.fasta.gz	soybean_SoyOmics/protein/SoyL03.v1.prot.fasta.gz	processed_genome_annotation_sequence
SoyOmics	ncRNA	https://ngdc.cncb.ac.cn/soyomics/static/data/download/ncRNA/SoyL03.ncRNA.gff3.gz	soybean_SoyOmics/ncRNA/SoyL03.ncRNA.gff3.gz	processed_genome_annotation_sequence
SoyOmics	repeat	https://ngdc.cncb.ac.cn/soyomics/static/data/download/repeat/SoyL03.repeat.gff3.gz	soybean_SoyOmics/repeat/SoyL03.repeat.gff3.gz	processed_genome_annotation_sequence
SoyOmics	genome	https://ngdc.cncb.ac.cn/soyomics/static/data/download/genome/SoyL06.v1.fasta.gz	soybean_SoyOmics/genome/SoyL06.v1.fasta.gz	processed_genome_annotation_sequence
SoyOmics	gene	https://ngdc.cncb.ac.cn/soyomics/static/data/download/gene/SoyL06.gene.gff.gz	soybean_SoyOmics/gene/SoyL06.gene.gff.gz	processed_genome_annotation_sequence
SoyOmics	mRNA	https://ngdc.cncb.ac.cn/soyomics/static/data/download/mRNA/SoyL06.v1.mRNA.fasta.gz	soybean_SoyOmics/mRNA/SoyL06.v1.mRNA.fasta.gz	processed_genome_annotation_sequence
SoyOmics	cds	https://ngdc.cncb.ac.cn/soyomics/static/data/download/cds/SoyL06.v1.CDS.fasta.gz	soybean_SoyOmics/cds/SoyL06.v1.CDS.fasta.gz	processed_genome_annotation_sequence
SoyOmics	protein	https://ngdc.cncb.ac.cn/soyomics/static/data/download/protein/SoyL06.v1.prot.fasta.gz	soybean_SoyOmics/protein/SoyL06.v1.prot.fasta.gz	processed_genome_annotation_sequence
SoyOmics	ncRNA	https://ngdc.cncb.ac.cn/soyomics/static/data/download/ncRNA/SoyL06.ncRNA.gff3.gz	soybean_SoyOmics/ncRNA/SoyL06.ncRNA.gff3.gz	processed_genome_annotation_sequence
SoyOmics	repeat	https://ngdc.cncb.ac.cn/soyomics/static/data/download/repeat/SoyL06.repeat.gff3.gz	soybean_SoyOmics/repeat/SoyL06.repeat.gff3.gz	processed_genome_annotation_sequence
SoyOmics	genome	https://ngdc.cncb.ac.cn/soyomics/static/data/download/genome/SoyL01.v1.fasta.gz	soybean_SoyOmics/genome/SoyL01.v1.fasta.gz	processed_genome_annotation_sequence
SoyOmics	gene	https://ngdc.cncb.ac.cn/soyomics/static/data/download/gene/SoyL01.gene.gff.gz	soybean_SoyOmics/gene/SoyL01.gene.gff.gz	processed_genome_annotation_sequence
SoyOmics	mRNA	https://ngdc.cncb.ac.cn/soyomics/static/data/download/mRNA/SoyL01.v1.mRNA.fasta.gz	soybean_SoyOmics/mRNA/SoyL01.v1.mRNA.fasta.gz	processed_genome_annotation_sequence
SoyOmics	cds	https://ngdc.cncb.ac.cn/soyomics/static/data/download/cds/SoyL01.v1.CDS.fasta.gz	soybean_SoyOmics/cds/SoyL01.v1.CDS.fasta.gz	processed_genome_annotation_sequence
SoyOmics	protein	https://ngdc.cncb.ac.cn/soyomics/static/data/download/protein/SoyL01.v1.prot.fasta.gz	soybean_SoyOmics/protein/SoyL01.v1.prot.fasta.gz	processed_genome_annotation_sequence
SoyOmics	ncRNA	https://ngdc.cncb.ac.cn/soyomics/static/data/download/ncRNA/SoyL01.ncRNA.gff3.gz	soybean_SoyOmics/ncRNA/SoyL01.ncRNA.gff3.gz	processed_genome_annotation_sequence
SoyOmics	repeat	https://ngdc.cncb.ac.cn/soyomics/static/data/download/repeat/SoyL01.repeat.gff3.gz	soybean_SoyOmics/repeat/SoyL01.repeat.gff3.gz	processed_genome_annotation_sequence
SoyOmics	genome	https://ngdc.cncb.ac.cn/soyomics/static/data/download/genome/SoyL02.v1.fasta.gz	soybean_SoyOmics/genome/SoyL02.v1.fasta.gz	processed_genome_annotation_sequence
SoyOmics	gene	https://ngdc.cncb.ac.cn/soyomics/static/data/download/gene/SoyL02.gene.gff.gz	soybean_SoyOmics/gene/SoyL02.gene.gff.gz	processed_genome_annotation_sequence
SoyOmics	mRNA	https://ngdc.cncb.ac.cn/soyomics/static/data/download/mRNA/SoyL02.v1.mRNA.fasta.gz	soybean_SoyOmics/mRNA/SoyL02.v1.mRNA.fasta.gz	processed_genome_annotation_sequence
SoyOmics	cds	https://ngdc.cncb.ac.cn/soyomics/static/data/download/cds/SoyL02.v1.CDS.fasta.gz	soybean_SoyOmics/cds/SoyL02.v1.CDS.fasta.gz	processed_genome_annotation_sequence
SoyOmics	protein	https://ngdc.cncb.ac.cn/soyomics/static/data/download/protein/SoyL02.v1.prot.fasta.gz	soybean_SoyOmics/protein/SoyL02.v1.prot.fasta.gz	processed_genome_annotation_sequence
SoyOmics	ncRNA	https://ngdc.cncb.ac.cn/soyomics/static/data/download/ncRNA/SoyL02.ncRNA.gff3.gz	soybean_SoyOmics/ncRNA/SoyL02.ncRNA.gff3.gz	processed_genome_annotation_sequence
SoyOmics	repeat	https://ngdc.cncb.ac.cn/soyomics/static/data/download/repeat/SoyL02.repeat.gff3.gz	soybean_SoyOmics/repeat/SoyL02.repeat.gff3.gz	processed_genome_annotation_sequence
SoyOmics	genome	https://ngdc.cncb.ac.cn/soyomics/static/data/download/genome/SoyC05.v1.fasta.gz	soybean_SoyOmics/genome/SoyC05.v1.fasta.gz	processed_genome_annotation_sequence
SoyOmics	gene	https://ngdc.cncb.ac.cn/soyomics/static/data/download/gene/SoyC05.gene.gff.gz	soybean_SoyOmics/gene/SoyC05.gene.gff.gz	processed_genome_annotation_sequence
SoyOmics	mRNA	https://ngdc.cncb.ac.cn/soyomics/static/data/download/mRNA/SoyC05.v1.mRNA.fasta.gz	soybean_SoyOmics/mRNA/SoyC05.v1.mRNA.fasta.gz	processed_genome_annotation_sequence
SoyOmics	cds	https://ngdc.cncb.ac.cn/soyomics/static/data/download/cds/SoyC05.v1.CDS.fasta.gz	soybean_SoyOmics/cds/SoyC05.v1.CDS.fasta.gz	processed_genome_annotation_sequence
SoyOmics	protein	https://ngdc.cncb.ac.cn/soyomics/static/data/download/protein/SoyC05.v1.prot.fasta.gz	soybean_SoyOmics/protein/SoyC05.v1.prot.fasta.gz	processed_genome_annotation_sequence
SoyOmics	ncRNA	https://ngdc.cncb.ac.cn/soyomics/static/data/download/ncRNA/SoyC05.ncRNA.gff3.gz	soybean_SoyOmics/ncRNA/SoyC05.ncRNA.gff3.gz	processed_genome_annotation_sequence
SoyOmics	repeat	https://ngdc.cncb.ac.cn/soyomics/static/data/download/repeat/SoyC05.repeat.gff3.gz	soybean_SoyOmics/repeat/SoyC05.repeat.gff3.gz	processed_genome_annotation_sequence
SoyOmics	genome	https://ngdc.cncb.ac.cn/soyomics/static/data/download/genome/SoyC12.v1.fasta.gz	soybean_SoyOmics/genome/SoyC12.v1.fasta.gz	processed_genome_annotation_sequence
SoyOmics	gene	https://ngdc.cncb.ac.cn/soyomics/static/data/download/gene/SoyC12.gene.gff.gz	soybean_SoyOmics/gene/SoyC12.gene.gff.gz	processed_genome_annotation_sequence
SoyOmics	mRNA	https://ngdc.cncb.ac.cn/soyomics/static/data/download/mRNA/SoyC12.v1.mRNA.fasta.gz	soybean_SoyOmics/mRNA/SoyC12.v1.mRNA.fasta.gz	processed_genome_annotation_sequence
SoyOmics	cds	https://ngdc.cncb.ac.cn/soyomics/static/data/download/cds/SoyC12.v1.CDS.fasta.gz	soybean_SoyOmics/cds/SoyC12.v1.CDS.fasta.gz	processed_genome_annotation_sequence
SoyOmics	protein	https://ngdc.cncb.ac.cn/soyomics/static/data/download/protein/SoyC12.v1.prot.fasta.gz	soybean_SoyOmics/protein/SoyC12.v1.prot.fasta.gz	processed_genome_annotation_sequence
SoyOmics	ncRNA	https://ngdc.cncb.ac.cn/soyomics/static/data/download/ncRNA/SoyC12.ncRNA.gff3.gz	soybean_SoyOmics/ncRNA/SoyC12.ncRNA.gff3.gz	processed_genome_annotation_sequence
SoyOmics	repeat	https://ngdc.cncb.ac.cn/soyomics/static/data/download/repeat/SoyC12.repeat.gff3.gz	soybean_SoyOmics/repeat/SoyC12.repeat.gff3.gz	processed_genome_annotation_sequence
SoyOmics	genome	https://ngdc.cncb.ac.cn/soyomics/static/data/download/genome/SoyC09.v1.fasta.gz	soybean_SoyOmics/genome/SoyC09.v1.fasta.gz	processed_genome_annotation_sequence
SoyOmics	gene	https://ngdc.cncb.ac.cn/soyomics/static/data/download/gene/SoyC09.gene.gff.gz	soybean_SoyOmics/gene/SoyC09.gene.gff.gz	processed_genome_annotation_sequence
SoyOmics	mRNA	https://ngdc.cncb.ac.cn/soyomics/static/data/download/mRNA/SoyC09.v1.mRNA.fasta.gz	soybean_SoyOmics/mRNA/SoyC09.v1.mRNA.fasta.gz	processed_genome_annotation_sequence
SoyOmics	cds	https://ngdc.cncb.ac.cn/soyomics/static/data/download/cds/SoyC09.v1.CDS.fasta.gz	soybean_SoyOmics/cds/SoyC09.v1.CDS.fasta.gz	processed_genome_annotation_sequence
SoyOmics	protein	https://ngdc.cncb.ac.cn/soyomics/static/data/download/protein/SoyC09.v1.prot.fasta.gz	soybean_SoyOmics/protein/SoyC09.v1.prot.fasta.gz	processed_genome_annotation_sequence
SoyOmics	ncRNA	https://ngdc.cncb.ac.cn/soyomics/static/data/download/ncRNA/SoyC09.ncRNA.gff3.gz	soybean_SoyOmics/ncRNA/SoyC09.ncRNA.gff3.gz	processed_genome_annotation_sequence
SoyOmics	repeat	https://ngdc.cncb.ac.cn/soyomics/static/data/download/repeat/SoyC09.repeat.gff3.gz	soybean_SoyOmics/repeat/SoyC09.repeat.gff3.gz	processed_genome_annotation_sequence
SoyOmics	genome	https://ngdc.cncb.ac.cn/soyomics/static/data/download/genome/SoyC13.v1.fasta.gz	soybean_SoyOmics/genome/SoyC13.v1.fasta.gz	processed_genome_annotation_sequence
SoyOmics	gene	https://ngdc.cncb.ac.cn/soyomics/static/data/download/gene/SoyC13.gene.gff.gz	soybean_SoyOmics/gene/SoyC13.gene.gff.gz	processed_genome_annotation_sequence
SoyOmics	mRNA	https://ngdc.cncb.ac.cn/soyomics/static/data/download/mRNA/SoyC13.v1.mRNA.fasta.gz	soybean_SoyOmics/mRNA/SoyC13.v1.mRNA.fasta.gz	processed_genome_annotation_sequence
SoyOmics	cds	https://ngdc.cncb.ac.cn/soyomics/static/data/download/cds/SoyC13.v1.CDS.fasta.gz	soybean_SoyOmics/cds/SoyC13.v1.CDS.fasta.gz	processed_genome_annotation_sequence
SoyOmics	protein	https://ngdc.cncb.ac.cn/soyomics/static/data/download/protein/SoyC13.v1.prot.fasta.gz	soybean_SoyOmics/protein/SoyC13.v1.prot.fasta.gz	processed_genome_annotation_sequence
SoyOmics	ncRNA	https://ngdc.cncb.ac.cn/soyomics/static/data/download/ncRNA/SoyC13.ncRNA.gff3.gz	soybean_SoyOmics/ncRNA/SoyC13.ncRNA.gff3.gz	processed_genome_annotation_sequence
SoyOmics	repeat	https://ngdc.cncb.ac.cn/soyomics/static/data/download/repeat/SoyC13.repeat.gff3.gz	soybean_SoyOmics/repeat/SoyC13.repeat.gff3.gz	processed_genome_annotation_sequence
SoyOmics	genome	https://ngdc.cncb.ac.cn/soyomics/static/data/download/genome/SoyC14.v1.fasta.gz	soybean_SoyOmics/genome/SoyC14.v1.fasta.gz	processed_genome_annotation_sequence
SoyOmics	gene	https://ngdc.cncb.ac.cn/soyomics/static/data/download/gene/SoyC14.gene.gff.gz	soybean_SoyOmics/gene/SoyC14.gene.gff.gz	processed_genome_annotation_sequence
SoyOmics	mRNA	https://ngdc.cncb.ac.cn/soyomics/static/data/download/mRNA/SoyC14.v1.mRNA.fasta.gz	soybean_SoyOmics/mRNA/SoyC14.v1.mRNA.fasta.gz	processed_genome_annotation_sequence
SoyOmics	cds	https://ngdc.cncb.ac.cn/soyomics/static/data/download/cds/SoyC14.v1.CDS.fasta.gz	soybean_SoyOmics/cds/SoyC14.v1.CDS.fasta.gz	processed_genome_annotation_sequence
SoyOmics	protein	https://ngdc.cncb.ac.cn/soyomics/static/data/download/protein/SoyC14.v1.prot.fasta.gz	soybean_SoyOmics/protein/SoyC14.v1.prot.fasta.gz	processed_genome_annotation_sequence
SoyOmics	ncRNA	https://ngdc.cncb.ac.cn/soyomics/static/data/download/ncRNA/SoyC14.ncRNA.gff3.gz	soybean_SoyOmics/ncRNA/SoyC14.ncRNA.gff3.gz	processed_genome_annotation_sequence
SoyOmics	repeat	https://ngdc.cncb.ac.cn/soyomics/static/data/download/repeat/SoyC14.repeat.gff3.gz	soybean_SoyOmics/repeat/SoyC14.repeat.gff3.gz	processed_genome_annotation_sequence
SoyOmics	genome	https://ngdc.cncb.ac.cn/soyomics/static/data/download/genome/SoyC11.v1.fasta.gz	soybean_SoyOmics/genome/SoyC11.v1.fasta.gz	processed_genome_annotation_sequence
SoyOmics	gene	https://ngdc.cncb.ac.cn/soyomics/static/data/download/gene/SoyC11.gene.gff.gz	soybean_SoyOmics/gene/SoyC11.gene.gff.gz	processed_genome_annotation_sequence
SoyOmics	mRNA	https://ngdc.cncb.ac.cn/soyomics/static/data/download/mRNA/SoyC11.v1.mRNA.fasta.gz	soybean_SoyOmics/mRNA/SoyC11.v1.mRNA.fasta.gz	processed_genome_annotation_sequence
SoyOmics	cds	https://ngdc.cncb.ac.cn/soyomics/static/data/download/cds/SoyC11.v1.CDS.fasta.gz	soybean_SoyOmics/cds/SoyC11.v1.CDS.fasta.gz	processed_genome_annotation_sequence
SoyOmics	protein	https://ngdc.cncb.ac.cn/soyomics/static/data/download/protein/SoyC11.v1.prot.fasta.gz	soybean_SoyOmics/protein/SoyC11.v1.prot.fasta.gz	processed_genome_annotation_sequence
SoyOmics	ncRNA	https://ngdc.cncb.ac.cn/soyomics/static/data/download/ncRNA/SoyC11.ncRNA.gff3.gz	soybean_SoyOmics/ncRNA/SoyC11.ncRNA.gff3.gz	processed_genome_annotation_sequence
SoyOmics	repeat	https://ngdc.cncb.ac.cn/soyomics/static/data/download/repeat/SoyC11.repeat.gff3.gz	soybean_SoyOmics/repeat/SoyC11.repeat.gff3.gz	processed_genome_annotation_sequence
SoyOmics	genome	https://ngdc.cncb.ac.cn/soyomics/static/data/download/genome/SoyC07.v1.fasta.gz	soybean_SoyOmics/genome/SoyC07.v1.fasta.gz	processed_genome_annotation_sequence
SoyOmics	gene	https://ngdc.cncb.ac.cn/soyomics/static/data/download/gene/SoyC07.gene.gff.gz	soybean_SoyOmics/gene/SoyC07.gene.gff.gz	processed_genome_annotation_sequence
SoyOmics	mRNA	https://ngdc.cncb.ac.cn/soyomics/static/data/download/mRNA/SoyC07.v1.mRNA.fasta.gz	soybean_SoyOmics/mRNA/SoyC07.v1.mRNA.fasta.gz	processed_genome_annotation_sequence
SoyOmics	cds	https://ngdc.cncb.ac.cn/soyomics/static/data/download/cds/SoyC07.v1.CDS.fasta.gz	soybean_SoyOmics/cds/SoyC07.v1.CDS.fasta.gz	processed_genome_annotation_sequence
SoyOmics	protein	https://ngdc.cncb.ac.cn/soyomics/static/data/download/protein/SoyC07.v1.prot.fasta.gz	soybean_SoyOmics/protein/SoyC07.v1.prot.fasta.gz	processed_genome_annotation_sequence
SoyOmics	ncRNA	https://ngdc.cncb.ac.cn/soyomics/static/data/download/ncRNA/SoyC07.ncRNA.gff3.gz	soybean_SoyOmics/ncRNA/SoyC07.ncRNA.gff3.gz	processed_genome_annotation_sequence
SoyOmics	repeat	https://ngdc.cncb.ac.cn/soyomics/static/data/download/repeat/SoyC07.repeat.gff3.gz	soybean_SoyOmics/repeat/SoyC07.repeat.gff3.gz	processed_genome_annotation_sequence
SoyOmics	genome	https://ngdc.cncb.ac.cn/soyomics/static/data/download/genome/SoyC03.v1.fasta.gz	soybean_SoyOmics/genome/SoyC03.v1.fasta.gz	processed_genome_annotation_sequence
SoyOmics	gene	https://ngdc.cncb.ac.cn/soyomics/static/data/download/gene/SoyC03.gene.gff.gz	soybean_SoyOmics/gene/SoyC03.gene.gff.gz	processed_genome_annotation_sequence
SoyOmics	mRNA	https://ngdc.cncb.ac.cn/soyomics/static/data/download/mRNA/SoyC03.v1.mRNA.fasta.gz	soybean_SoyOmics/mRNA/SoyC03.v1.mRNA.fasta.gz	processed_genome_annotation_sequence
SoyOmics	cds	https://ngdc.cncb.ac.cn/soyomics/static/data/download/cds/SoyC03.v1.CDS.fasta.gz	soybean_SoyOmics/cds/SoyC03.v1.CDS.fasta.gz	processed_genome_annotation_sequence
SoyOmics	protein	https://ngdc.cncb.ac.cn/soyomics/static/data/download/protein/SoyC03.v1.prot.fasta.gz	soybean_SoyOmics/protein/SoyC03.v1.prot.fasta.gz	processed_genome_annotation_sequence
SoyOmics	ncRNA	https://ngdc.cncb.ac.cn/soyomics/static/data/download/ncRNA/SoyC03.ncRNA.gff3.gz	soybean_SoyOmics/ncRNA/SoyC03.ncRNA.gff3.gz	processed_genome_annotation_sequence
SoyOmics	repeat	https://ngdc.cncb.ac.cn/soyomics/static/data/download/repeat/SoyC03.repeat.gff3.gz	soybean_SoyOmics/repeat/SoyC03.repeat.gff3.gz	processed_genome_annotation_sequence
SoyOmics	genome	https://ngdc.cncb.ac.cn/soyomics/static/data/download/genome/SoyC10.v1.fasta.gz	soybean_SoyOmics/genome/SoyC10.v1.fasta.gz	processed_genome_annotation_sequence
SoyOmics	gene	https://ngdc.cncb.ac.cn/soyomics/static/data/download/gene/SoyC10.gene.gff.gz	soybean_SoyOmics/gene/SoyC10.gene.gff.gz	processed_genome_annotation_sequence
SoyOmics	mRNA	https://ngdc.cncb.ac.cn/soyomics/static/data/download/mRNA/SoyC10.v1.mRNA.fasta.gz	soybean_SoyOmics/mRNA/SoyC10.v1.mRNA.fasta.gz	processed_genome_annotation_sequence
SoyOmics	cds	https://ngdc.cncb.ac.cn/soyomics/static/data/download/cds/SoyC10.v1.CDS.fasta.gz	soybean_SoyOmics/cds/SoyC10.v1.CDS.fasta.gz	processed_genome_annotation_sequence
SoyOmics	protein	https://ngdc.cncb.ac.cn/soyomics/static/data/download/protein/SoyC10.v1.prot.fasta.gz	soybean_SoyOmics/protein/SoyC10.v1.prot.fasta.gz	processed_genome_annotation_sequence
SoyOmics	ncRNA	https://ngdc.cncb.ac.cn/soyomics/static/data/download/ncRNA/SoyC10.ncRNA.gff3.gz	soybean_SoyOmics/ncRNA/SoyC10.ncRNA.gff3.gz	processed_genome_annotation_sequence
SoyOmics	repeat	https://ngdc.cncb.ac.cn/soyomics/static/data/download/repeat/SoyC10.repeat.gff3.gz	soybean_SoyOmics/repeat/SoyC10.repeat.gff3.gz	processed_genome_annotation_sequence
SoyOmics	genome	https://ngdc.cncb.ac.cn/soyomics/static/data/download/genome/SoyC08.v1.fasta.gz	soybean_SoyOmics/genome/SoyC08.v1.fasta.gz	processed_genome_annotation_sequence
SoyOmics	gene	https://ngdc.cncb.ac.cn/soyomics/static/data/download/gene/SoyC08.gene.gff.gz	soybean_SoyOmics/gene/SoyC08.gene.gff.gz	processed_genome_annotation_sequence
SoyOmics	mRNA	https://ngdc.cncb.ac.cn/soyomics/static/data/download/mRNA/SoyC08.v1.mRNA.fasta.gz	soybean_SoyOmics/mRNA/SoyC08.v1.mRNA.fasta.gz	processed_genome_annotation_sequence
SoyOmics	cds	https://ngdc.cncb.ac.cn/soyomics/static/data/download/cds/SoyC08.v1.CDS.fasta.gz	soybean_SoyOmics/cds/SoyC08.v1.CDS.fasta.gz	processed_genome_annotation_sequence
SoyOmics	protein	https://ngdc.cncb.ac.cn/soyomics/static/data/download/protein/SoyC08.v1.prot.fasta.gz	soybean_SoyOmics/protein/SoyC08.v1.prot.fasta.gz	processed_genome_annotation_sequence
SoyOmics	ncRNA	https://ngdc.cncb.ac.cn/soyomics/static/data/download/ncRNA/SoyC08.ncRNA.gff3.gz	soybean_SoyOmics/ncRNA/SoyC08.ncRNA.gff3.gz	processed_genome_annotation_sequence
SoyOmics	repeat	https://ngdc.cncb.ac.cn/soyomics/static/data/download/repeat/SoyC08.repeat.gff3.gz	soybean_SoyOmics/repeat/SoyC08.repeat.gff3.gz	processed_genome_annotation_sequence
SoyOmics	genome	https://ngdc.cncb.ac.cn/soyomics/static/data/download/genome/SoyC02.v1.fasta.gz	soybean_SoyOmics/genome/SoyC02.v1.fasta.gz	processed_genome_annotation_sequence
SoyOmics	gene	https://ngdc.cncb.ac.cn/soyomics/static/data/download/gene/SoyC02.gene.gff.gz	soybean_SoyOmics/gene/SoyC02.gene.gff.gz	processed_genome_annotation_sequence
SoyOmics	mRNA	https://ngdc.cncb.ac.cn/soyomics/static/data/download/mRNA/SoyC02.v1.mRNA.fasta.gz	soybean_SoyOmics/mRNA/SoyC02.v1.mRNA.fasta.gz	processed_genome_annotation_sequence
SoyOmics	cds	https://ngdc.cncb.ac.cn/soyomics/static/data/download/cds/SoyC02.v1.CDS.fasta.gz	soybean_SoyOmics/cds/SoyC02.v1.CDS.fasta.gz	processed_genome_annotation_sequence
SoyOmics	protein	https://ngdc.cncb.ac.cn/soyomics/static/data/download/protein/SoyC02.v1.prot.fasta.gz	soybean_SoyOmics/protein/SoyC02.v1.prot.fasta.gz	processed_genome_annotation_sequence
SoyOmics	ncRNA	https://ngdc.cncb.ac.cn/soyomics/static/data/download/ncRNA/SoyC02.ncRNA.gff3.gz	soybean_SoyOmics/ncRNA/SoyC02.ncRNA.gff3.gz	processed_genome_annotation_sequence
SoyOmics	repeat	https://ngdc.cncb.ac.cn/soyomics/static/data/download/repeat/SoyC02.repeat.gff3.gz	soybean_SoyOmics/repeat/SoyC02.repeat.gff3.gz	processed_genome_annotation_sequence
SoyOmics	genome	https://ngdc.cncb.ac.cn/soyomics/static/data/download/genome/SoyC04.v1.fasta.gz	soybean_SoyOmics/genome/SoyC04.v1.fasta.gz	processed_genome_annotation_sequence
SoyOmics	gene	https://ngdc.cncb.ac.cn/soyomics/static/data/download/gene/SoyC04.gene.gff.gz	soybean_SoyOmics/gene/SoyC04.gene.gff.gz	processed_genome_annotation_sequence
SoyOmics	mRNA	https://ngdc.cncb.ac.cn/soyomics/static/data/download/mRNA/SoyC04.v1.mRNA.fasta.gz	soybean_SoyOmics/mRNA/SoyC04.v1.mRNA.fasta.gz	processed_genome_annotation_sequence
SoyOmics	cds	https://ngdc.cncb.ac.cn/soyomics/static/data/download/cds/SoyC04.v1.CDS.fasta.gz	soybean_SoyOmics/cds/SoyC04.v1.CDS.fasta.gz	processed_genome_annotation_sequence
SoyOmics	protein	https://ngdc.cncb.ac.cn/soyomics/static/data/download/protein/SoyC04.v1.prot.fasta.gz	soybean_SoyOmics/protein/SoyC04.v1.prot.fasta.gz	processed_genome_annotation_sequence
SoyOmics	ncRNA	https://ngdc.cncb.ac.cn/soyomics/static/data/download/ncRNA/SoyC04.ncRNA.gff3.gz	soybean_SoyOmics/ncRNA/SoyC04.ncRNA.gff3.gz	processed_genome_annotation_sequence
SoyOmics	repeat	https://ngdc.cncb.ac.cn/soyomics/static/data/download/repeat/SoyC04.repeat.gff3.gz	soybean_SoyOmics/repeat/SoyC04.repeat.gff3.gz	processed_genome_annotation_sequence
SoyOmics	genome	https://ngdc.cncb.ac.cn/soyomics/static/data/download/genome/SoyC01.v1.fasta.gz	soybean_SoyOmics/genome/SoyC01.v1.fasta.gz	processed_genome_annotation_sequence
SoyOmics	gene	https://ngdc.cncb.ac.cn/soyomics/static/data/download/gene/SoyC01.gene.gff.gz	soybean_SoyOmics/gene/SoyC01.gene.gff.gz	processed_genome_annotation_sequence
SoyOmics	mRNA	https://ngdc.cncb.ac.cn/soyomics/static/data/download/mRNA/SoyC01.v1.mRNA.fasta.gz	soybean_SoyOmics/mRNA/SoyC01.v1.mRNA.fasta.gz	processed_genome_annotation_sequence
SoyOmics	cds	https://ngdc.cncb.ac.cn/soyomics/static/data/download/cds/SoyC01.v1.CDS.fasta.gz	soybean_SoyOmics/cds/SoyC01.v1.CDS.fasta.gz	processed_genome_annotation_sequence
SoyOmics	protein	https://ngdc.cncb.ac.cn/soyomics/static/data/download/protein/SoyC01.v1.prot.fasta.gz	soybean_SoyOmics/protein/SoyC01.v1.prot.fasta.gz	processed_genome_annotation_sequence
SoyOmics	ncRNA	https://ngdc.cncb.ac.cn/soyomics/static/data/download/ncRNA/SoyC01.ncRNA.gff3.gz	soybean_SoyOmics/ncRNA/SoyC01.ncRNA.gff3.gz	processed_genome_annotation_sequence
SoyOmics	repeat	https://ngdc.cncb.ac.cn/soyomics/static/data/download/repeat/SoyC01.repeat.gff3.gz	soybean_SoyOmics/repeat/SoyC01.repeat.gff3.gz	processed_genome_annotation_sequence
SoyOmics	genome	https://ngdc.cncb.ac.cn/soyomics/static/data/download/genome/SoyC06.v1.fasta.gz	soybean_SoyOmics/genome/SoyC06.v1.fasta.gz	processed_genome_annotation_sequence
SoyOmics	gene	https://ngdc.cncb.ac.cn/soyomics/static/data/download/gene/SoyC06.gene.gff.gz	soybean_SoyOmics/gene/SoyC06.gene.gff.gz	processed_genome_annotation_sequence
SoyOmics	mRNA	https://ngdc.cncb.ac.cn/soyomics/static/data/download/mRNA/SoyC06.v1.mRNA.fasta.gz	soybean_SoyOmics/mRNA/SoyC06.v1.mRNA.fasta.gz	processed_genome_annotation_sequence
SoyOmics	cds	https://ngdc.cncb.ac.cn/soyomics/static/data/download/cds/SoyC06.v1.CDS.fasta.gz	soybean_SoyOmics/cds/SoyC06.v1.CDS.fasta.gz	processed_genome_annotation_sequence
SoyOmics	protein	https://ngdc.cncb.ac.cn/soyomics/static/data/download/protein/SoyC06.v1.prot.fasta.gz	soybean_SoyOmics/protein/SoyC06.v1.prot.fasta.gz	processed_genome_annotation_sequence
SoyOmics	ncRNA	https://ngdc.cncb.ac.cn/soyomics/static/data/download/ncRNA/SoyC06.ncRNA.gff3.gz	soybean_SoyOmics/ncRNA/SoyC06.ncRNA.gff3.gz	processed_genome_annotation_sequence
SoyOmics	repeat	https://ngdc.cncb.ac.cn/soyomics/static/data/download/repeat/SoyC06.repeat.gff3.gz	soybean_SoyOmics/repeat/SoyC06.repeat.gff3.gz	processed_genome_annotation_sequence
SoyOmics	genome	https://ngdc.cncb.ac.cn/soyomics/static/data/download/genome/ZH13.v2.fasta.gz	soybean_SoyOmics/genome/ZH13.v2.fasta.gz	processed_genome_annotation_sequence
SoyOmics	gene	https://ngdc.cncb.ac.cn/soyomics/static/data/download/gene/ZH13.gene.gff.gz	soybean_SoyOmics/gene/ZH13.gene.gff.gz	processed_genome_annotation_sequence
SoyOmics	mRNA	https://ngdc.cncb.ac.cn/soyomics/static/data/download/mRNA/ZH13.v2.mRNA.fasta.gz	soybean_SoyOmics/mRNA/ZH13.v2.mRNA.fasta.gz	processed_genome_annotation_sequence
SoyOmics	cds	https://ngdc.cncb.ac.cn/soyomics/static/data/download/cds/ZH13.v2.CDS.fasta.gz	soybean_SoyOmics/cds/ZH13.v2.CDS.fasta.gz	processed_genome_annotation_sequence
SoyOmics	protein	https://ngdc.cncb.ac.cn/soyomics/static/data/download/protein/ZH13.v2.prot.fasta.gz	soybean_SoyOmics/protein/ZH13.v2.prot.fasta.gz	processed_genome_annotation_sequence
SoyOmics	ncRNA	https://ngdc.cncb.ac.cn/soyomics/static/data/download/ncRNA/ZH13.ncRNA.gff3.gz	soybean_SoyOmics/ncRNA/ZH13.ncRNA.gff3.gz	processed_genome_annotation_sequence
SoyOmics	repeat	https://ngdc.cncb.ac.cn/soyomics/static/data/download/repeat/ZH13.repeat.gff3.gz	soybean_SoyOmics/repeat/ZH13.repeat.gff3.gz	processed_genome_annotation_sequence
SoyOmics	genome	https://ngdc.cncb.ac.cn/soyomics/static/data/download/genome/W05.a1.fasta.gz	soybean_SoyOmics/genome/W05.a1.fasta.gz	processed_genome_annotation_sequence
SoyOmics	gene	https://ngdc.cncb.ac.cn/soyomics/static/data/download/gene/W05.a1.gene.gff.gz	soybean_SoyOmics/gene/W05.a1.gene.gff.gz	processed_genome_annotation_sequence
SoyOmics	mRNA	https://ngdc.cncb.ac.cn/soyomics/static/data/download/mRNA/W05.a1.mRNA.fasta.gz	soybean_SoyOmics/mRNA/W05.a1.mRNA.fasta.gz	processed_genome_annotation_sequence
SoyOmics	cds	https://ngdc.cncb.ac.cn/soyomics/static/data/download/cds/W05.a1.CDS.fasta.gz	soybean_SoyOmics/cds/W05.a1.CDS.fasta.gz	processed_genome_annotation_sequence
SoyOmics	protein	https://ngdc.cncb.ac.cn/soyomics/static/data/download/protein/W05.a1.prot.fasta.gz	soybean_SoyOmics/protein/W05.a1.prot.fasta.gz	processed_genome_annotation_sequence
SoyOmics	genome	https://ngdc.cncb.ac.cn/soyomics/static/data/download/genome/Wm82.a4.v1.fasta.gz	soybean_SoyOmics/genome/Wm82.a4.v1.fasta.gz	processed_genome_annotation_sequence
SoyOmics	gene	https://ngdc.cncb.ac.cn/soyomics/static/data/download/gene/Wm82.a4.v1.gene.gff.gz	soybean_SoyOmics/gene/Wm82.a4.v1.gene.gff.gz	processed_genome_annotation_sequence
SoyOmics	mRNA	https://ngdc.cncb.ac.cn/soyomics/static/data/download/mRNA/Wm82.a4.v1.mRNA.fasta.gz	soybean_SoyOmics/mRNA/Wm82.a4.v1.mRNA.fasta.gz	processed_genome_annotation_sequence
SoyOmics	cds	https://ngdc.cncb.ac.cn/soyomics/static/data/download/cds/Wm82.a4.v1.CDS.fasta.gz	soybean_SoyOmics/cds/Wm82.a4.v1.CDS.fasta.gz	processed_genome_annotation_sequence
SoyOmics	protein	https://ngdc.cncb.ac.cn/soyomics/static/data/download/protein/Wm82.a4.v1.prot.fasta.gz	soybean_SoyOmics/protein/Wm82.a4.v1.prot.fasta.gz	processed_genome_annotation_sequence
SoyOmics	genome	https://ngdc.cncb.ac.cn/soyomics/static/data/download/genome/Wm82.a2.v1.fasta.gz	soybean_SoyOmics/genome/Wm82.a2.v1.fasta.gz	processed_genome_annotation_sequence
SoyOmics	gene	https://ngdc.cncb.ac.cn/soyomics/static/data/download/gene/Wm82.a2.v1.gene.gff.gz	soybean_SoyOmics/gene/Wm82.a2.v1.gene.gff.gz	processed_genome_annotation_sequence
SoyOmics	mRNA	https://ngdc.cncb.ac.cn/soyomics/static/data/download/mRNA/Wm82.a2.v1.mRNA.fasta.gz	soybean_SoyOmics/mRNA/Wm82.a2.v1.mRNA.fasta.gz	processed_genome_annotation_sequence
SoyOmics	cds	https://ngdc.cncb.ac.cn/soyomics/static/data/download/cds/Wm82.a2.v1.CDS.fasta.gz	soybean_SoyOmics/cds/Wm82.a2.v1.CDS.fasta.gz	processed_genome_annotation_sequence
SoyOmics	protein	https://ngdc.cncb.ac.cn/soyomics/static/data/download/protein/Wm82.a2.v1.prot.fasta.gz	soybean_SoyOmics/protein/Wm82.a2.v1.prot.fasta.gz	processed_genome_annotation_sequence
SoyOmics	genome	https://ngdc.cncb.ac.cn/soyomics/static/data/download/genome/Glycy.G1267.fasta.gz	soybean_SoyOmics/genome/Glycy.G1267.fasta.gz	processed_genome_annotation_sequence
SoyOmics	gene	https://ngdc.cncb.ac.cn/soyomics/static/data/download/gene/Glycy.G1267.gene.gff3.gz	soybean_SoyOmics/gene/Glycy.G1267.gene.gff3.gz	processed_genome_annotation_sequence
SoyOmics	cds	https://ngdc.cncb.ac.cn/soyomics/static/data/download/cds/Glycy.G1267.CDS.fasta.gz	soybean_SoyOmics/cds/Glycy.G1267.CDS.fasta.gz	processed_genome_annotation_sequence
SoyOmics	protein	https://ngdc.cncb.ac.cn/soyomics/static/data/download/protein/Glycy.G1267.prot.fasta.gz	soybean_SoyOmics/protein/Glycy.G1267.prot.fasta.gz	processed_genome_annotation_sequence
SoyOmics	genome	https://ngdc.cncb.ac.cn/soyomics/static/data/download/genome/Glydo.G1134.fasta.gz	soybean_SoyOmics/genome/Glydo.G1134.fasta.gz	processed_genome_annotation_sequence
SoyOmics	gene	https://ngdc.cncb.ac.cn/soyomics/static/data/download/gene/Glydo.G1134.gene.gff3.gz	soybean_SoyOmics/gene/Glydo.G1134.gene.gff3.gz	processed_genome_annotation_sequence
SoyOmics	cds	https://ngdc.cncb.ac.cn/soyomics/static/data/download/cds/Glydo.G1134.CDS.fasta.gz	soybean_SoyOmics/cds/Glydo.G1134.CDS.fasta.gz	processed_genome_annotation_sequence
SoyOmics	protein	https://ngdc.cncb.ac.cn/soyomics/static/data/download/protein/Glydo.G1134.prot.fasta.gz	soybean_SoyOmics/protein/Glydo.G1134.prot.fasta.gz	processed_genome_annotation_sequence
SoyOmics	genome	https://ngdc.cncb.ac.cn/soyomics/static/data/download/genome/Glyfa.G1718.fasta.gz	soybean_SoyOmics/genome/Glyfa.G1718.fasta.gz	processed_genome_annotation_sequence
SoyOmics	gene	https://ngdc.cncb.ac.cn/soyomics/static/data/download/gene/Glyfa.G1718.gene.gff3.gz	soybean_SoyOmics/gene/Glyfa.G1718.gene.gff3.gz	processed_genome_annotation_sequence
SoyOmics	cds	https://ngdc.cncb.ac.cn/soyomics/static/data/download/cds/Glyfa.G1718.CDS.fasta.gz	soybean_SoyOmics/cds/Glyfa.G1718.CDS.fasta.gz	processed_genome_annotation_sequence
SoyOmics	protein	https://ngdc.cncb.ac.cn/soyomics/static/data/download/protein/Glyfa.G1718.prot.fasta.gz	soybean_SoyOmics/protein/Glyfa.G1718.prot.fasta.gz	processed_genome_annotation_sequence
SoyOmics	genome	https://ngdc.cncb.ac.cn/soyomics/static/data/download/genome/Glyst.G1974.fasta.gz	soybean_SoyOmics/genome/Glyst.G1974.fasta.gz	processed_genome_annotation_sequence
SoyOmics	gene	https://ngdc.cncb.ac.cn/soyomics/static/data/download/gene/Glyst.G1974.gene.gff3.gz	soybean_SoyOmics/gene/Glyst.G1974.gene.gff3.gz	processed_genome_annotation_sequence
SoyOmics	cds	https://ngdc.cncb.ac.cn/soyomics/static/data/download/cds/Glyst.G1974.CDS.fasta.gz	soybean_SoyOmics/cds/Glyst.G1974.CDS.fasta.gz	processed_genome_annotation_sequence
SoyOmics	protein	https://ngdc.cncb.ac.cn/soyomics/static/data/download/protein/Glyst.G1974.prot.fasta.gz	soybean_SoyOmics/protein/Glyst.G1974.prot.fasta.gz	processed_genome_annotation_sequence
SoyOmics	genome	https://ngdc.cncb.ac.cn/soyomics/static/data/download/genome/Glysy.G1300.fasta.gz	soybean_SoyOmics/genome/Glysy.G1300.fasta.gz	processed_genome_annotation_sequence
SoyOmics	gene	https://ngdc.cncb.ac.cn/soyomics/static/data/download/gene/Glysy.G1300.gene.gff3.gz	soybean_SoyOmics/gene/Glysy.G1300.gene.gff3.gz	processed_genome_annotation_sequence
SoyOmics	cds	https://ngdc.cncb.ac.cn/soyomics/static/data/download/cds/Glysy.G1300.CDS.fasta.gz	soybean_SoyOmics/cds/Glysy.G1300.CDS.fasta.gz	processed_genome_annotation_sequence
SoyOmics	protein	https://ngdc.cncb.ac.cn/soyomics/static/data/download/protein/Glysy.G1300.prot.fasta.gz	soybean_SoyOmics/protein/Glysy.G1300.prot.fasta.gz	processed_genome_annotation_sequence
SoyOmics	genome	https://ngdc.cncb.ac.cn/soyomics/static/data/download/genome/Glyd3.G1403.fasta.gz	soybean_SoyOmics/genome/Glyd3.G1403.fasta.gz	processed_genome_annotation_sequence
SoyOmics	gene	https://ngdc.cncb.ac.cn/soyomics/static/data/download/gene/Glyd3.G1403.gene.gff3.gz	soybean_SoyOmics/gene/Glyd3.G1403.gene.gff3.gz	processed_genome_annotation_sequence
SoyOmics	cds	https://ngdc.cncb.ac.cn/soyomics/static/data/download/cds/Glyd3.G1403.CDS.fasta.gz	soybean_SoyOmics/cds/Glyd3.G1403.CDS.fasta.gz	processed_genome_annotation_sequence
SoyOmics	protein	https://ngdc.cncb.ac.cn/soyomics/static/data/download/protein/Glyd3.G1403.prot.fasta.gz	soybean_SoyOmics/protein/Glyd3.G1403.prot.fasta.gz	processed_genome_annotation_sequence
SoyOD	variation	https://bis.zju.edu.cn/soyod/static/data/download/variation/all.snp.3904.zip	soybean_SoyOD/variation/all.snp.3904.zip	processed_variation_zip
SoyOD	variation	https://bis.zju.edu.cn/soyod/static/data/download/variation/all.indel.3904.zip	soybean_SoyOD/variation/all.indel.3904.zip	processed_variation_zip
SoyOD	TF	https://bis.zju.edu.cn/soyod/static/data/download/TF/58-161.TF.zip	soybean_SoyOD/TF/58-161.TF.zip	processed_TF_annotation
SoyOD	TE	https://bis.zju.edu.cn/soyod/static/data/download/TE/58-161.TEanno	soybean_SoyOD/TE/58-161.TEanno	processed_TE_annotation
SoyOD	TF	https://bis.zju.edu.cn/soyod/static/data/download/TF/Amsoy.TF.zip	soybean_SoyOD/TF/Amsoy.TF.zip	processed_TF_annotation
SoyOD	TE	https://bis.zju.edu.cn/soyod/static/data/download/TE/Amsoy.TEanno	soybean_SoyOD/TE/Amsoy.TEanno	processed_TE_annotation
SoyOD	TF	https://bis.zju.edu.cn/soyod/static/data/download/TF/Chang_Chun_Man_Cang_Jin.TF.zip	soybean_SoyOD/TF/Chang_Chun_Man_Cang_Jin.TF.zip	processed_TF_annotation
SoyOD	TE	https://bis.zju.edu.cn/soyod/static/data/download/TE/Chang_Chun_Man_Cang_Jin.TEanno	soybean_SoyOD/TE/Chang_Chun_Man_Cang_Jin.TEanno	processed_TE_annotation
SoyOD	TF	https://bis.zju.edu.cn/soyod/static/data/download/TF/Dong_Nong_50.TF.zip	soybean_SoyOD/TF/Dong_Nong_50.TF.zip	processed_TF_annotation
SoyOD	TE	https://bis.zju.edu.cn/soyod/static/data/download/TE/Dong_Nong_50.TEanno	soybean_SoyOD/TE/Dong_Nong_50.TEanno	processed_TE_annotation
SoyOD	TF	https://bis.zju.edu.cn/soyod/static/data/download/TF/Embrapa_BRS537.TF.zip	soybean_SoyOD/TF/Embrapa_BRS537.TF.zip	processed_TF_annotation
SoyOD	TE	https://bis.zju.edu.cn/soyod/static/data/download/TE/Embrapa_BRS537.TEanno	soybean_SoyOD/TE/Embrapa_BRS537.TEanno	processed_TE_annotation
SoyOD	TE	https://bis.zju.edu.cn/soyod/static/data/download/TE/ENREI.TEanno	soybean_SoyOD/TE/ENREI.TEanno	processed_TE_annotation
SoyOD	TF	https://bis.zju.edu.cn/soyod/static/data/download/TF/Feng_Di_Huang.TF.zip	soybean_SoyOD/TF/Feng_Di_Huang.TF.zip	processed_TF_annotation
SoyOD	TE	https://bis.zju.edu.cn/soyod/static/data/download/TE/Feng_Di_Huang.TEanno	soybean_SoyOD/TE/Feng_Di_Huang.TEanno	processed_TE_annotation
SoyOD	TF	https://bis.zju.edu.cn/soyod/static/data/download/TF/FiskebyIII.TF.zip	soybean_SoyOD/TF/FiskebyIII.TF.zip	processed_TF_annotation
SoyOD	TE	https://bis.zju.edu.cn/soyod/static/data/download/TE/FiskebyIII.TEanno	soybean_SoyOD/TE/FiskebyIII.TEanno	processed_TE_annotation
SoyOD	TF	https://bis.zju.edu.cn/soyod/static/data/download/TF/Glycine_cyrtoloba.TF.zip	soybean_SoyOD/TF/Glycine_cyrtoloba.TF.zip	processed_TF_annotation
SoyOD	TE	https://bis.zju.edu.cn/soyod/static/data/download/TE/Glycine_cyrtoloba.TEanno	soybean_SoyOD/TE/Glycine_cyrtoloba.TEanno	processed_TE_annotation
SoyOD	TF	https://bis.zju.edu.cn/soyod/static/data/download/TF/Glycine_dolichocarpa.TF.zip	soybean_SoyOD/TF/Glycine_dolichocarpa.TF.zip	processed_TF_annotation
SoyOD	TE	https://bis.zju.edu.cn/soyod/static/data/download/TE/Glycine_dolichocarpa.TEanno	soybean_SoyOD/TE/Glycine_dolichocarpa.TEanno	processed_TE_annotation
SoyOD	TF	https://bis.zju.edu.cn/soyod/static/data/download/TF/Glycine_falcata.TF.zip	soybean_SoyOD/TF/Glycine_falcata.TF.zip	processed_TF_annotation
SoyOD	TE	https://bis.zju.edu.cn/soyod/static/data/download/TE/Glycine_falcata.TEanno	soybean_SoyOD/TE/Glycine_falcata.TEanno	processed_TE_annotation
SoyOD	TF	https://bis.zju.edu.cn/soyod/static/data/download/TF/Glycine_stenophita.TF.zip	soybean_SoyOD/TF/Glycine_stenophita.TF.zip	processed_TF_annotation
SoyOD	TE	https://bis.zju.edu.cn/soyod/static/data/download/TE/Glycine_stenophita.TEanno	soybean_SoyOD/TE/Glycine_stenophita.TEanno	processed_TE_annotation
SoyOD	TF	https://bis.zju.edu.cn/soyod/static/data/download/TF/Glycine_syndetika.TF.zip	soybean_SoyOD/TF/Glycine_syndetika.TF.zip	processed_TF_annotation
SoyOD	TE	https://bis.zju.edu.cn/soyod/static/data/download/TE/Glycine_syndetika.TEanno	soybean_SoyOD/TE/Glycine_syndetika.TEanno	processed_TE_annotation
SoyOD	TF	https://bis.zju.edu.cn/soyod/static/data/download/TF/Glycine_tomentella_D3.TF.zip	soybean_SoyOD/TF/Glycine_tomentella_D3.TF.zip	processed_TF_annotation
SoyOD	TE	https://bis.zju.edu.cn/soyod/static/data/download/TE/Glycine_tomentella_D3.TEanno	soybean_SoyOD/TE/Glycine_tomentella_D3.TEanno	processed_TE_annotation
SoyOD	TF	https://bis.zju.edu.cn/soyod/static/data/download/TF/GsojaF.TF.zip	soybean_SoyOD/TF/GsojaF.TF.zip	processed_TF_annotation
SoyOD	TE	https://bis.zju.edu.cn/soyod/static/data/download/TE/GsojaF.TEanno	soybean_SoyOD/TE/GsojaF.TEanno	processed_TE_annotation
SoyOD	TF	https://bis.zju.edu.cn/soyod/static/data/download/TF/Han_Dou_5.TF.zip	soybean_SoyOD/TF/Han_Dou_5.TF.zip	processed_TF_annotation
SoyOD	TE	https://bis.zju.edu.cn/soyod/static/data/download/TE/Han_Dou_5.TEanno	soybean_SoyOD/TE/Han_Dou_5.TEanno	processed_TE_annotation
SoyOD	TF	https://bis.zju.edu.cn/soyod/static/data/download/TF/He_Feng_25.TF.zip	soybean_SoyOD/TF/He_Feng_25.TF.zip	processed_TF_annotation
SoyOD	TE	https://bis.zju.edu.cn/soyod/static/data/download/TE/He_Feng_25.TEanno	soybean_SoyOD/TE/He_Feng_25.TEanno	processed_TE_annotation
SoyOD	TF	https://bis.zju.edu.cn/soyod/static/data/download/TF/Hei_He_43.TF.zip	soybean_SoyOD/TF/Hei_He_43.TF.zip	processed_TF_annotation
SoyOD	TE	https://bis.zju.edu.cn/soyod/static/data/download/TE/Hei_He_43.TEanno	soybean_SoyOD/TE/Hei_He_43.TEanno	processed_TE_annotation
SoyOD	TF	https://bis.zju.edu.cn/soyod/static/data/download/TF/Hua_Xia_3.TF.zip	soybean_SoyOD/TF/Hua_Xia_3.TF.zip	processed_TF_annotation
SoyOD	TE	https://bis.zju.edu.cn/soyod/static/data/download/TE/Hua_Xia_3.TEanno	soybean_SoyOD/TE/Hua_Xia_3.TEanno	processed_TE_annotation
SoyOD	TF	https://bis.zju.edu.cn/soyod/static/data/download/TF/Hwangkeum.TF.zip	soybean_SoyOD/TF/Hwangkeum.TF.zip	processed_TF_annotation
SoyOD	TE	https://bis.zju.edu.cn/soyod/static/data/download/TE/Hwangkeum.TEanno	soybean_SoyOD/TE/Hwangkeum.TEanno	processed_TE_annotation
SoyOD	TE	https://bis.zju.edu.cn/soyod/static/data/download/TE/Jack_T2T.TEanno	soybean_SoyOD/TE/Jack_T2T.TEanno	processed_TE_annotation
SoyOD	TF	https://bis.zju.edu.cn/soyod/static/data/download/TF/Ji_Dou_17.TF.zip	soybean_SoyOD/TF/Ji_Dou_17.TF.zip	processed_TF_annotation
SoyOD	TE	https://bis.zju.edu.cn/soyod/static/data/download/TE/Ji_Dou_17.TEanno	soybean_SoyOD/TE/Ji_Dou_17.TEanno	processed_TE_annotation
SoyOD	TF	https://bis.zju.edu.cn/soyod/static/data/download/TF/Jin_Dou_23.TF.zip	soybean_SoyOD/TF/Jin_Dou_23.TF.zip	processed_TF_annotation
SoyOD	TE	https://bis.zju.edu.cn/soyod/static/data/download/TE/Jin_Dou_23.TEanno	soybean_SoyOD/TE/Jin_Dou_23.TEanno	processed_TE_annotation
SoyOD	TF	https://bis.zju.edu.cn/soyod/static/data/download/TF/Jing_Yuan.TF.zip	soybean_SoyOD/TF/Jing_Yuan.TF.zip	processed_TF_annotation
SoyOD	TE	https://bis.zju.edu.cn/soyod/static/data/download/TE/Jing_Yuan.TEanno	soybean_SoyOD/TE/Jing_Yuan.TEanno	processed_TE_annotation
SoyOD	TF	https://bis.zju.edu.cn/soyod/static/data/download/TF/Ju_Xuan23.TF.zip	soybean_SoyOD/TF/Ju_Xuan23.TF.zip	processed_TF_annotation
SoyOD	TE	https://bis.zju.edu.cn/soyod/static/data/download/TE/Ju_Xuan23.TEanno	soybean_SoyOD/TE/Ju_Xuan23.TEanno	processed_TE_annotation
SoyOD	TF	https://bis.zju.edu.cn/soyod/static/data/download/TF/Ke_Shan_1.TF.zip	soybean_SoyOD/TF/Ke_Shan_1.TF.zip	processed_TF_annotation
SoyOD	TE	https://bis.zju.edu.cn/soyod/static/data/download/TE/Ke_Shan_1.TEanno	soybean_SoyOD/TE/Ke_Shan_1.TEanno	processed_TE_annotation
SoyOD	TF	https://bis.zju.edu.cn/soyod/static/data/download/TF/Lee_v2.TF.zip	soybean_SoyOD/TF/Lee_v2.TF.zip	processed_TF_annotation
SoyOD	TE	https://bis.zju.edu.cn/soyod/static/data/download/TE/Lee_v2.TEanno	soybean_SoyOD/TE/Lee_v2.TEanno	processed_TE_annotation
SoyOD	TF	https://bis.zju.edu.cn/soyod/static/data/download/TF/PI398296.TF.zip	soybean_SoyOD/TF/PI398296.TF.zip	processed_TF_annotation
SoyOD	TE	https://bis.zju.edu.cn/soyod/static/data/download/TE/PI398296.TEanno	soybean_SoyOD/TE/PI398296.TEanno	processed_TE_annotation
SoyOD	TF	https://bis.zju.edu.cn/soyod/static/data/download/TF/PI483463.TF.zip	soybean_SoyOD/TF/PI483463.TF.zip	processed_TF_annotation
SoyOD	TE	https://bis.zju.edu.cn/soyod/static/data/download/TE/PI483463.TEanno	soybean_SoyOD/TE/PI483463.TEanno	processed_TE_annotation
SoyOD	TF	https://bis.zju.edu.cn/soyod/static/data/download/TF/PI548362.TF.zip	soybean_SoyOD/TF/PI548362.TF.zip	processed_TF_annotation
SoyOD	TE	https://bis.zju.edu.cn/soyod/static/data/download/TE/PI548362.TEanno	soybean_SoyOD/TE/PI548362.TEanno	processed_TE_annotation
SoyOD	TF	https://bis.zju.edu.cn/soyod/static/data/download/TF/PI549046.TF.zip	soybean_SoyOD/TF/PI549046.TF.zip	processed_TF_annotation
SoyOD	TE	https://bis.zju.edu.cn/soyod/static/data/download/TE/PI549046.TEanno	soybean_SoyOD/TE/PI549046.TEanno	processed_TE_annotation
SoyOD	TF	https://bis.zju.edu.cn/soyod/static/data/download/TF/PI562565.TF.zip	soybean_SoyOD/TF/PI562565.TF.zip	processed_TF_annotation
SoyOD	TE	https://bis.zju.edu.cn/soyod/static/data/download/TE/PI562565.TEanno	soybean_SoyOD/TE/PI562565.TEanno	processed_TE_annotation
SoyOD	TF	https://bis.zju.edu.cn/soyod/static/data/download/TF/PI578357.TF.zip	soybean_SoyOD/TF/PI578357.TF.zip	processed_TF_annotation
SoyOD	TE	https://bis.zju.edu.cn/soyod/static/data/download/TE/PI578357.TEanno	soybean_SoyOD/TE/PI578357.TEanno	processed_TE_annotation
SoyOD	TE	https://bis.zju.edu.cn/soyod/static/data/download/TE/PI594527.TEanno	soybean_SoyOD/TE/PI594527.TEanno	processed_TE_annotation
SoyOD	TF	https://bis.zju.edu.cn/soyod/static/data/download/TF/Qi_Huang_34.TF.zip	soybean_SoyOD/TF/Qi_Huang_34.TF.zip	processed_TF_annotation
SoyOD	TE	https://bis.zju.edu.cn/soyod/static/data/download/TE/Qi_Huang_34.TEanno	soybean_SoyOD/TE/Qi_Huang_34.TEanno	processed_TE_annotation
SoyOD	TF	https://bis.zju.edu.cn/soyod/static/data/download/TF/Shi_Sheng_Chang_Ye.TF.zip	soybean_SoyOD/TF/Shi_Sheng_Chang_Ye.TF.zip	processed_TF_annotation
SoyOD	TE	https://bis.zju.edu.cn/soyod/static/data/download/TE/Shi_Sheng_Chang_Ye.TEanno	soybean_SoyOD/TE/Shi_Sheng_Chang_Ye.TEanno	processed_TE_annotation
SoyOD	TF	https://bis.zju.edu.cn/soyod/static/data/download/TF/Tian_Long_1.TF.zip	soybean_SoyOD/TF/Tian_Long_1.TF.zip	processed_TF_annotation
SoyOD	TE	https://bis.zju.edu.cn/soyod/static/data/download/TE/Tian_Long_1.TEanno	soybean_SoyOD/TE/Tian_Long_1.TEanno	processed_TE_annotation
SoyOD	TF	https://bis.zju.edu.cn/soyod/static/data/download/TF/Tie_Feng_18.TF.zip	soybean_SoyOD/TF/Tie_Feng_18.TF.zip	processed_TF_annotation
SoyOD	TE	https://bis.zju.edu.cn/soyod/static/data/download/TE/Tie_Feng_18.TEanno	soybean_SoyOD/TE/Tie_Feng_18.TEanno	processed_TE_annotation
SoyOD	TF	https://bis.zju.edu.cn/soyod/static/data/download/TF/Tie_Jia_Si_Li_Huang.TF.zip	soybean_SoyOD/TF/Tie_Jia_Si_Li_Huang.TF.zip	processed_TF_annotation
SoyOD	TE	https://bis.zju.edu.cn/soyod/static/data/download/TE/Tie_Jia_Si_Li_Huang.TEanno	soybean_SoyOD/TE/Tie_Jia_Si_Li_Huang.TEanno	processed_TE_annotation
SoyOD	TF	https://bis.zju.edu.cn/soyod/static/data/download/TF/Tong_Shan_Tian_E_Dan.TF.zip	soybean_SoyOD/TF/Tong_Shan_Tian_E_Dan.TF.zip	processed_TF_annotation
SoyOD	TE	https://bis.zju.edu.cn/soyod/static/data/download/TE/Tong_Shan_Tian_E_Dan.TEanno	soybean_SoyOD/TE/Tong_Shan_Tian_E_Dan.TEanno	processed_TE_annotation
SoyOD	TF	https://bis.zju.edu.cn/soyod/static/data/download/TF/W05.TF.zip	soybean_SoyOD/TF/W05.TF.zip	processed_TF_annotation
SoyOD	TE	https://bis.zju.edu.cn/soyod/static/data/download/TE/W05.TEanno	soybean_SoyOD/TE/W05.TEanno	processed_TE_annotation
SoyOD	TF	https://bis.zju.edu.cn/soyod/static/data/download/TF/Wan_Dou_28.TF.zip	soybean_SoyOD/TF/Wan_Dou_28.TF.zip	processed_TF_annotation
SoyOD	TE	https://bis.zju.edu.cn/soyod/static/data/download/TE/Wan_Dou_28.TEanno	soybean_SoyOD/TE/Wan_Dou_28.TEanno	processed_TE_annotation
SoyOD	TF	https://bis.zju.edu.cn/soyod/static/data/download/TF/Wen_Feng_7.TF.zip	soybean_SoyOD/TF/Wen_Feng_7.TF.zip	processed_TF_annotation
SoyOD	TE	https://bis.zju.edu.cn/soyod/static/data/download/TE/Wen_Feng_7.TEanno	soybean_SoyOD/TE/Wen_Feng_7.TEanno	processed_TE_annotation
SoyOD	TF	https://bis.zju.edu.cn/soyod/static/data/download/TF/W82_T2T.TF.zip	soybean_SoyOD/TF/W82_T2T.TF.zip	processed_TF_annotation
SoyOD	TE	https://bis.zju.edu.cn/soyod/static/data/download/TE/Williams_82_T2T.TEanno	soybean_SoyOD/TE/Williams_82_T2T.TEanno	processed_TE_annotation
SoyOD	TF	https://bis.zju.edu.cn/soyod/static/data/download/TF/Williams82.a1.v1.TF.zip	soybean_SoyOD/TF/Williams82.a1.v1.TF.zip	processed_TF_annotation
SoyOD	TE	https://bis.zju.edu.cn/soyod/static/data/download/TE/Williams82.a1.v1.TEanno	soybean_SoyOD/TE/Williams82.a1.v1.TEanno	processed_TE_annotation
SoyOD	TF	https://bis.zju.edu.cn/soyod/static/data/download/TF/Williams82.a2.v1.TF.zip	soybean_SoyOD/TF/Williams82.a2.v1.TF.zip	processed_TF_annotation
SoyOD	TE	https://bis.zju.edu.cn/soyod/static/data/download/TE/Williams82.a2.v1.TEanno	soybean_SoyOD/TE/Williams82.a2.v1.TEanno	processed_TE_annotation
SoyOD	TF	https://bis.zju.edu.cn/soyod/static/data/download/TF/Williams82.a4.v1.TF.zip	soybean_SoyOD/TF/Williams82.a4.v1.TF.zip	processed_TF_annotation
SoyOD	TE	https://bis.zju.edu.cn/soyod/static/data/download/TE/Williams82.a4.v1.TEanno	soybean_SoyOD/TE/Williams82.a4.v1.TEanno	processed_TE_annotation
SoyOD	TF	https://bis.zju.edu.cn/soyod/static/data/download/TF/Xu_Dou_1.TF.zip	soybean_SoyOD/TF/Xu_Dou_1.TF.zip	processed_TF_annotation
SoyOD	TE	https://bis.zju.edu.cn/soyod/static/data/download/TE/Xu_Dou_1.TEanno	soybean_SoyOD/TE/Xu_Dou_1.TEanno	processed_TE_annotation
SoyOD	TF	https://bis.zju.edu.cn/soyod/static/data/download/TF/Yu_Dou_22.TF.zip	soybean_SoyOD/TF/Yu_Dou_22.TF.zip	processed_TF_annotation
SoyOD	TE	https://bis.zju.edu.cn/soyod/static/data/download/TE/Yu_Dou_22.TEanno	soybean_SoyOD/TE/Yu_Dou_22.TEanno	processed_TE_annotation
SoyOD	TE	https://bis.zju.edu.cn/soyod/static/data/download/TE/Zhe_Nong_6.TEanno	soybean_SoyOD/TE/Zhe_Nong_6.TEanno	processed_TE_annotation
SoyOD	TF	https://bis.zju.edu.cn/soyod/static/data/download/TF/ZH13_T2T.TF.zip	soybean_SoyOD/TF/ZH13_T2T.TF.zip	processed_TF_annotation
SoyOD	TE	https://bis.zju.edu.cn/soyod/static/data/download/TE/ZH13_T2T.TEanno	soybean_SoyOD/TE/ZH13_T2T.TEanno	processed_TE_annotation; corrected_remote_filename
SoyOD	TF	https://bis.zju.edu.cn/soyod/static/data/download/TF/Zhong_Huang_13.v1.TF.zip	soybean_SoyOD/TF/Zhong_Huang_13.v1.TF.zip	processed_TF_annotation
SoyOD	TE	https://bis.zju.edu.cn/soyod/static/data/download/TE/Zhong_Huang_13.v1.TEanno	soybean_SoyOD/TE/Zhong_Huang_13.v1.TEanno	processed_TE_annotation; corrected_remote_filename
SoyOD	TF	https://bis.zju.edu.cn/soyod/static/data/download/TF/Zhong_Huang_13.v2.TF.zip	soybean_SoyOD/TF/Zhong_Huang_13.v2.TF.zip	processed_TF_annotation
SoyOD	TE	https://bis.zju.edu.cn/soyod/static/data/download/TE/Zhong_Huang_13.v2.TEanno	soybean_SoyOD/TE/Zhong_Huang_13.v2.TEanno	processed_TE_annotation; corrected_remote_filename
SoyOD	TF	https://bis.zju.edu.cn/soyod/static/data/download/TF/Zhong_Huang_35.TF.zip	soybean_SoyOD/TF/Zhong_Huang_35.TF.zip	processed_TF_annotation
SoyOD	TE	https://bis.zju.edu.cn/soyod/static/data/download/TE/Zhong_Huang_35.TEanno	soybean_SoyOD/TE/Zhong_Huang_35.TEanno	processed_TE_annotation
SoyOD	TF	https://bis.zju.edu.cn/soyod/static/data/download/TF/Zhutwinning2.TF.zip	soybean_SoyOD/TF/Zhutwinning2.TF.zip	processed_TF_annotation
SoyOD	TE	https://bis.zju.edu.cn/soyod/static/data/download/TE/Zhutwinning2.TEanno	soybean_SoyOD/TE/Zhutwinning2.TEanno	processed_TE_annotation
SoyOD	TF	https://bis.zju.edu.cn/soyod/static/data/download/TF/Zi_Hua_4.TF.zip	soybean_SoyOD/TF/Zi_Hua_4.TF.zip	processed_TF_annotation
SoyOD	TE	https://bis.zju.edu.cn/soyod/static/data/download/TE/Zi_Hua_4.TEanno	soybean_SoyOD/TE/Zi_Hua_4.TEanno	processed_TE_annotation
SoyOD	annotation	https://bis.zju.edu.cn/soyod/static/data/download/annotation/W82_T2T.GO.zip	soybean_SoyOD/annotation/W82_T2T.GO.zip	processed_go_enrichment
SoyOD	annotation	https://bis.zju.edu.cn/soyod/static/data/download/annotation/W82_T2T.KEGG.zip	soybean_SoyOD/annotation/W82_T2T.KEGG.zip	processed_kegg
SoyOD	annotation	https://bis.zju.edu.cn/soyod/static/data/download/annotation/W82_T2T.pfam.domain.zip	soybean_SoyOD/annotation/W82_T2T.pfam.domain.zip	processed_pfam
SoyOD	annotation	https://bis.zju.edu.cn/soyod/static/data/download/annotation/ZH13_T2T.GO.zip	soybean_SoyOD/annotation/ZH13_T2T.GO.zip	processed_go_enrichment
SoyOD	annotation	https://bis.zju.edu.cn/soyod/static/data/download/annotation/ZH13_T2T.KEGG.zip	soybean_SoyOD/annotation/ZH13_T2T.KEGG.zip	processed_kegg
SoyOD	annotation	https://bis.zju.edu.cn/soyod/static/data/download/annotation/ZH13_T2T.pfam.domain.zip	soybean_SoyOD/annotation/ZH13_T2T.pfam.domain.zip	processed_pfam
SoyOD	annotation	https://bis.zju.edu.cn/soyod/static/data/download/annotation/Zhong_Huang_13.v1.GO.zip	soybean_SoyOD/annotation/Zhong_Huang_13.v1.GO.zip	processed_go_enrichment
SoyOD	annotation	https://bis.zju.edu.cn/soyod/static/data/download/annotation/Zhong_Huang_13.v1.KEGG.zip	soybean_SoyOD/annotation/Zhong_Huang_13.v1.KEGG.zip	processed_kegg
SoyOD	annotation	https://bis.zju.edu.cn/soyod/static/data/download/annotation/Zhong_Huang_13.v1.pfam.domain.zip	soybean_SoyOD/annotation/Zhong_Huang_13.v1.pfam.domain.zip	processed_pfam
SoyOD	annotation	https://bis.zju.edu.cn/soyod/static/data/download/annotation/Zhong_Huang_13.v2.GO.zip	soybean_SoyOD/annotation/Zhong_Huang_13.v2.GO.zip	processed_go_enrichment
SoyOD	annotation	https://bis.zju.edu.cn/soyod/static/data/download/annotation/Zhong_Huang_13.v2.KEGG.zip	soybean_SoyOD/annotation/Zhong_Huang_13.v2.KEGG.zip	processed_kegg
SoyOD	annotation	https://bis.zju.edu.cn/soyod/static/data/download/annotation/Zhong_Huang_13.v2.pfam.domain.zip	soybean_SoyOD/annotation/Zhong_Huang_13.v2.pfam.domain.zip	processed_pfam
SoyOD	annotation	https://bis.zju.edu.cn/soyod/static/data/download/annotation/Williams82.a1.v1.GO.zip	soybean_SoyOD/annotation/Williams82.a1.v1.GO.zip	processed_go_enrichment
SoyOD	annotation	https://bis.zju.edu.cn/soyod/static/data/download/annotation/Williams82.a1.v1.KEGG.zip	soybean_SoyOD/annotation/Williams82.a1.v1.KEGG.zip	processed_kegg
SoyOD	annotation	https://bis.zju.edu.cn/soyod/static/data/download/annotation/Williams82.a1.v1.pfam.domain.zip	soybean_SoyOD/annotation/Williams82.a1.v1.pfam.domain.zip	processed_pfam
SoyOD	annotation	https://bis.zju.edu.cn/soyod/static/data/download/annotation/Williams82.a2.v1.GO.zip	soybean_SoyOD/annotation/Williams82.a2.v1.GO.zip	processed_go_enrichment
SoyOD	annotation	https://bis.zju.edu.cn/soyod/static/data/download/annotation/Williams82.a2.v1.KEGG.zip	soybean_SoyOD/annotation/Williams82.a2.v1.KEGG.zip	processed_kegg
SoyOD	annotation	https://bis.zju.edu.cn/soyod/static/data/download/annotation/Williams82.a2.v1.pfam.domain.zip	soybean_SoyOD/annotation/Williams82.a2.v1.pfam.domain.zip	processed_pfam
SoyOD	annotation	https://bis.zju.edu.cn/soyod/static/data/download/annotation/Williams82.a4.v1.GO.zip	soybean_SoyOD/annotation/Williams82.a4.v1.GO.zip	processed_go_enrichment
SoyOD	annotation	https://bis.zju.edu.cn/soyod/static/data/download/annotation/Williams82.a4.v1.KEGG.zip	soybean_SoyOD/annotation/Williams82.a4.v1.KEGG.zip	processed_kegg
SoyOD	annotation	https://bis.zju.edu.cn/soyod/static/data/download/annotation/Williams82.a4.v1.pfam.domain.zip	soybean_SoyOD/annotation/Williams82.a4.v1.pfam.domain.zip	processed_pfam
SoyOD	annotation	https://bis.zju.edu.cn/soyod/static/data/download/annotation/58-161.GO.zip	soybean_SoyOD/annotation/58-161.GO.zip	processed_go_enrichment
SoyOD	annotation	https://bis.zju.edu.cn/soyod/static/data/download/annotation/58-161.KEGG.zip	soybean_SoyOD/annotation/58-161.KEGG.zip	processed_kegg
SoyOD	annotation	https://bis.zju.edu.cn/soyod/static/data/download/annotation/58-161.pfam.domain.zip	soybean_SoyOD/annotation/58-161.pfam.domain.zip	processed_pfam
SoyOD	annotation	https://bis.zju.edu.cn/soyod/static/data/download/annotation/Amsoy.GO.zip	soybean_SoyOD/annotation/Amsoy.GO.zip	processed_go_enrichment
SoyOD	annotation	https://bis.zju.edu.cn/soyod/static/data/download/annotation/Amsoy.KEGG.zip	soybean_SoyOD/annotation/Amsoy.KEGG.zip	processed_kegg
SoyOD	annotation	https://bis.zju.edu.cn/soyod/static/data/download/annotation/Amsoy.pfam.domain.zip	soybean_SoyOD/annotation/Amsoy.pfam.domain.zip	processed_pfam
SoyOD	annotation	https://bis.zju.edu.cn/soyod/static/data/download/annotation/Chang_Chun_Man_Cang_Jin.GO.zip	soybean_SoyOD/annotation/Chang_Chun_Man_Cang_Jin.GO.zip	processed_go_enrichment
SoyOD	annotation	https://bis.zju.edu.cn/soyod/static/data/download/annotation/Chang_Chun_Man_Cang_Jin.KEGG.zip	soybean_SoyOD/annotation/Chang_Chun_Man_Cang_Jin.KEGG.zip	processed_kegg
SoyOD	annotation	https://bis.zju.edu.cn/soyod/static/data/download/annotation/Chang_Chun_Man_Cang_Jin.pfam.domain.zip	soybean_SoyOD/annotation/Chang_Chun_Man_Cang_Jin.pfam.domain.zip	processed_pfam
SoyOD	annotation	https://bis.zju.edu.cn/soyod/static/data/download/annotation/Dong_Nong_50.GO.zip	soybean_SoyOD/annotation/Dong_Nong_50.GO.zip	processed_go_enrichment
SoyOD	annotation	https://bis.zju.edu.cn/soyod/static/data/download/annotation/Dong_Nong_50.KEGG.zip	soybean_SoyOD/annotation/Dong_Nong_50.KEGG.zip	processed_kegg
SoyOD	annotation	https://bis.zju.edu.cn/soyod/static/data/download/annotation/Dong_Nong_50.pfam.domain.zip	soybean_SoyOD/annotation/Dong_Nong_50.pfam.domain.zip	processed_pfam
SoyOD	annotation	https://bis.zju.edu.cn/soyod/static/data/download/annotation/Embrapa_BRS537.GO.zip	soybean_SoyOD/annotation/Embrapa_BRS537.GO.zip	processed_go_enrichment
SoyOD	annotation	https://bis.zju.edu.cn/soyod/static/data/download/annotation/Embrapa_BRS537.KEGG.zip	soybean_SoyOD/annotation/Embrapa_BRS537.KEGG.zip	processed_kegg
SoyOD	annotation	https://bis.zju.edu.cn/soyod/static/data/download/annotation/Embrapa_BRS537.pfam.domain.zip	soybean_SoyOD/annotation/Embrapa_BRS537.pfam.domain.zip	processed_pfam
SoyOD	annotation	https://bis.zju.edu.cn/soyod/static/data/download/annotation/Feng_Di_Huang.GO.zip	soybean_SoyOD/annotation/Feng_Di_Huang.GO.zip	processed_go_enrichment
SoyOD	annotation	https://bis.zju.edu.cn/soyod/static/data/download/annotation/Feng_Di_Huang.KEGG.zip	soybean_SoyOD/annotation/Feng_Di_Huang.KEGG.zip	processed_kegg
SoyOD	annotation	https://bis.zju.edu.cn/soyod/static/data/download/annotation/Feng_Di_Huang.pfam.domain.zip	soybean_SoyOD/annotation/Feng_Di_Huang.pfam.domain.zip	processed_pfam
SoyOD	annotation	https://bis.zju.edu.cn/soyod/static/data/download/annotation/FiskebyIII.GO.zip	soybean_SoyOD/annotation/FiskebyIII.GO.zip	processed_go_enrichment
SoyOD	annotation	https://bis.zju.edu.cn/soyod/static/data/download/annotation/FiskebyIII.KEGG.zip	soybean_SoyOD/annotation/FiskebyIII.KEGG.zip	processed_kegg
SoyOD	annotation	https://bis.zju.edu.cn/soyod/static/data/download/annotation/FiskebyIII.pfam.domain.zip	soybean_SoyOD/annotation/FiskebyIII.pfam.domain.zip	processed_pfam
SoyOD	annotation	https://bis.zju.edu.cn/soyod/static/data/download/annotation/Glycine_cyrtoloba.GO.zip	soybean_SoyOD/annotation/Glycine_cyrtoloba.GO.zip	processed_go_enrichment
SoyOD	annotation	https://bis.zju.edu.cn/soyod/static/data/download/annotation/Glycine_cyrtoloba.KEGG.zip	soybean_SoyOD/annotation/Glycine_cyrtoloba.KEGG.zip	processed_kegg
SoyOD	annotation	https://bis.zju.edu.cn/soyod/static/data/download/annotation/Glycine_cyrtoloba.pfam.domain.zip	soybean_SoyOD/annotation/Glycine_cyrtoloba.pfam.domain.zip	processed_pfam
SoyOD	annotation	https://bis.zju.edu.cn/soyod/static/data/download/annotation/Glycine_dolichocarpa.GO.zip	soybean_SoyOD/annotation/Glycine_dolichocarpa.GO.zip	processed_go_enrichment
SoyOD	annotation	https://bis.zju.edu.cn/soyod/static/data/download/annotation/Glycine_dolichocarpa.KEGG.zip	soybean_SoyOD/annotation/Glycine_dolichocarpa.KEGG.zip	processed_kegg
SoyOD	annotation	https://bis.zju.edu.cn/soyod/static/data/download/annotation/Glycine_dolichocarpa.pfam.domain.zip	soybean_SoyOD/annotation/Glycine_dolichocarpa.pfam.domain.zip	processed_pfam
SoyOD	annotation	https://bis.zju.edu.cn/soyod/static/data/download/annotation/Glycine_falcata.GO.zip	soybean_SoyOD/annotation/Glycine_falcata.GO.zip	processed_go_enrichment
SoyOD	annotation	https://bis.zju.edu.cn/soyod/static/data/download/annotation/Glycine_falcata.KEGG.zip	soybean_SoyOD/annotation/Glycine_falcata.KEGG.zip	processed_kegg
SoyOD	annotation	https://bis.zju.edu.cn/soyod/static/data/download/annotation/Glycine_falcata.pfam.domain.zip	soybean_SoyOD/annotation/Glycine_falcata.pfam.domain.zip	processed_pfam
SoyOD	annotation	https://bis.zju.edu.cn/soyod/static/data/download/annotation/Glycine_stenophita.GO.zip	soybean_SoyOD/annotation/Glycine_stenophita.GO.zip	processed_go_enrichment
SoyOD	annotation	https://bis.zju.edu.cn/soyod/static/data/download/annotation/Glycine_stenophita.KEGG.zip	soybean_SoyOD/annotation/Glycine_stenophita.KEGG.zip	processed_kegg
SoyOD	annotation	https://bis.zju.edu.cn/soyod/static/data/download/annotation/Glycine_stenophita.pfam.domain.zip	soybean_SoyOD/annotation/Glycine_stenophita.pfam.domain.zip	processed_pfam
SoyOD	annotation	https://bis.zju.edu.cn/soyod/static/data/download/annotation/Glycine_syndetika.GO.zip	soybean_SoyOD/annotation/Glycine_syndetika.GO.zip	processed_go_enrichment
SoyOD	annotation	https://bis.zju.edu.cn/soyod/static/data/download/annotation/Glycine_syndetika.KEGG.zip	soybean_SoyOD/annotation/Glycine_syndetika.KEGG.zip	processed_kegg
SoyOD	annotation	https://bis.zju.edu.cn/soyod/static/data/download/annotation/Glycine_syndetika.pfam.domain.zip	soybean_SoyOD/annotation/Glycine_syndetika.pfam.domain.zip	processed_pfam
SoyOD	annotation	https://bis.zju.edu.cn/soyod/static/data/download/annotation/Glycine_tomentella_D3.GO.zip	soybean_SoyOD/annotation/Glycine_tomentella_D3.GO.zip	processed_go_enrichment
SoyOD	annotation	https://bis.zju.edu.cn/soyod/static/data/download/annotation/Glycine_tomentella_D3.KEGG.zip	soybean_SoyOD/annotation/Glycine_tomentella_D3.KEGG.zip	processed_kegg
SoyOD	annotation	https://bis.zju.edu.cn/soyod/static/data/download/annotation/Glycine_tomentella_D3.pfam.domain.zip	soybean_SoyOD/annotation/Glycine_tomentella_D3.pfam.domain.zip	processed_pfam
SoyOD	annotation	https://bis.zju.edu.cn/soyod/static/data/download/annotation/GsojaF.GO.zip	soybean_SoyOD/annotation/GsojaF.GO.zip	processed_go_enrichment
SoyOD	annotation	https://bis.zju.edu.cn/soyod/static/data/download/annotation/GsojaF.KEGG.zip	soybean_SoyOD/annotation/GsojaF.KEGG.zip	processed_kegg
SoyOD	annotation	https://bis.zju.edu.cn/soyod/static/data/download/annotation/GsojaF.pfam.domain.zip	soybean_SoyOD/annotation/GsojaF.pfam.domain.zip	processed_pfam
SoyOD	annotation	https://bis.zju.edu.cn/soyod/static/data/download/annotation/Han_Dou_5.GO.zip	soybean_SoyOD/annotation/Han_Dou_5.GO.zip	processed_go_enrichment
SoyOD	annotation	https://bis.zju.edu.cn/soyod/static/data/download/annotation/Han_Dou_5.KEGG.zip	soybean_SoyOD/annotation/Han_Dou_5.KEGG.zip	processed_kegg
SoyOD	annotation	https://bis.zju.edu.cn/soyod/static/data/download/annotation/Han_Dou_5.pfam.domain.zip	soybean_SoyOD/annotation/Han_Dou_5.pfam.domain.zip	processed_pfam
SoyOD	annotation	https://bis.zju.edu.cn/soyod/static/data/download/annotation/He_Feng_25.GO.zip	soybean_SoyOD/annotation/He_Feng_25.GO.zip	processed_go_enrichment
SoyOD	annotation	https://bis.zju.edu.cn/soyod/static/data/download/annotation/He_Feng_25.KEGG.zip	soybean_SoyOD/annotation/He_Feng_25.KEGG.zip	processed_kegg
SoyOD	annotation	https://bis.zju.edu.cn/soyod/static/data/download/annotation/He_Feng_25.pfam.domain.zip	soybean_SoyOD/annotation/He_Feng_25.pfam.domain.zip	processed_pfam
SoyOD	annotation	https://bis.zju.edu.cn/soyod/static/data/download/annotation/Hei_He_43.GO.zip	soybean_SoyOD/annotation/Hei_He_43.GO.zip	processed_go_enrichment
SoyOD	annotation	https://bis.zju.edu.cn/soyod/static/data/download/annotation/Hei_He_43.KEGG.zip	soybean_SoyOD/annotation/Hei_He_43.KEGG.zip	processed_kegg
SoyOD	annotation	https://bis.zju.edu.cn/soyod/static/data/download/annotation/Hei_He_43.pfam.domain.zip	soybean_SoyOD/annotation/Hei_He_43.pfam.domain.zip	processed_pfam
SoyOD	annotation	https://bis.zju.edu.cn/soyod/static/data/download/annotation/Hua_Xia_3.GO.zip	soybean_SoyOD/annotation/Hua_Xia_3.GO.zip	processed_go_enrichment
SoyOD	annotation	https://bis.zju.edu.cn/soyod/static/data/download/annotation/Hua_Xia_3.KEGG.zip	soybean_SoyOD/annotation/Hua_Xia_3.KEGG.zip	processed_kegg
SoyOD	annotation	https://bis.zju.edu.cn/soyod/static/data/download/annotation/Hua_Xia_3.pfam.domain.zip	soybean_SoyOD/annotation/Hua_Xia_3.pfam.domain.zip	processed_pfam
SoyOD	annotation	https://bis.zju.edu.cn/soyod/static/data/download/annotation/Hwangkeum.GO.zip	soybean_SoyOD/annotation/Hwangkeum.GO.zip	processed_go_enrichment
SoyOD	annotation	https://bis.zju.edu.cn/soyod/static/data/download/annotation/Hwangkeum.KEGG.zip	soybean_SoyOD/annotation/Hwangkeum.KEGG.zip	processed_kegg
SoyOD	annotation	https://bis.zju.edu.cn/soyod/static/data/download/annotation/Hwangkeum.pfam.domain.zip	soybean_SoyOD/annotation/Hwangkeum.pfam.domain.zip	processed_pfam
SoyOD	annotation	https://bis.zju.edu.cn/soyod/static/data/download/annotation/Ji_Dou_17.GO.zip	soybean_SoyOD/annotation/Ji_Dou_17.GO.zip	processed_go_enrichment
SoyOD	annotation	https://bis.zju.edu.cn/soyod/static/data/download/annotation/Ji_Dou_17.KEGG.zip	soybean_SoyOD/annotation/Ji_Dou_17.KEGG.zip	processed_kegg
SoyOD	annotation	https://bis.zju.edu.cn/soyod/static/data/download/annotation/Ji_Dou_17.pfam.domain.zip	soybean_SoyOD/annotation/Ji_Dou_17.pfam.domain.zip	processed_pfam
SoyOD	annotation	https://bis.zju.edu.cn/soyod/static/data/download/annotation/Jin_Dou_23.GO.zip	soybean_SoyOD/annotation/Jin_Dou_23.GO.zip	processed_go_enrichment
SoyOD	annotation	https://bis.zju.edu.cn/soyod/static/data/download/annotation/Jin_Dou_23.KEGG.zip	soybean_SoyOD/annotation/Jin_Dou_23.KEGG.zip	processed_kegg
SoyOD	annotation	https://bis.zju.edu.cn/soyod/static/data/download/annotation/Jin_Dou_23.pfam.domain.zip	soybean_SoyOD/annotation/Jin_Dou_23.pfam.domain.zip	processed_pfam
SoyOD	annotation	https://bis.zju.edu.cn/soyod/static/data/download/annotation/Jing_Yuan.GO.zip	soybean_SoyOD/annotation/Jing_Yuan.GO.zip	processed_go_enrichment
SoyOD	annotation	https://bis.zju.edu.cn/soyod/static/data/download/annotation/Jing_Yuan.KEGG.zip	soybean_SoyOD/annotation/Jing_Yuan.KEGG.zip	processed_kegg
SoyOD	annotation	https://bis.zju.edu.cn/soyod/static/data/download/annotation/Jing_Yuan.pfam.domain.zip	soybean_SoyOD/annotation/Jing_Yuan.pfam.domain.zip	processed_pfam
SoyOD	annotation	https://bis.zju.edu.cn/soyod/static/data/download/annotation/Ju_Xuan23.GO.zip	soybean_SoyOD/annotation/Ju_Xuan23.GO.zip	processed_go_enrichment
SoyOD	annotation	https://bis.zju.edu.cn/soyod/static/data/download/annotation/Ju_Xuan23.KEGG.zip	soybean_SoyOD/annotation/Ju_Xuan23.KEGG.zip	processed_kegg
SoyOD	annotation	https://bis.zju.edu.cn/soyod/static/data/download/annotation/Ju_Xuan23.pfam.domain.zip	soybean_SoyOD/annotation/Ju_Xuan23.pfam.domain.zip	processed_pfam
SoyOD	annotation	https://bis.zju.edu.cn/soyod/static/data/download/annotation/Ke_Shan_1.GO.zip	soybean_SoyOD/annotation/Ke_Shan_1.GO.zip	processed_go_enrichment
SoyOD	annotation	https://bis.zju.edu.cn/soyod/static/data/download/annotation/Ke_Shan_1.KEGG.zip	soybean_SoyOD/annotation/Ke_Shan_1.KEGG.zip	processed_kegg
SoyOD	annotation	https://bis.zju.edu.cn/soyod/static/data/download/annotation/Ke_Shan_1.pfam.domain.zip	soybean_SoyOD/annotation/Ke_Shan_1.pfam.domain.zip	processed_pfam
SoyOD	annotation	https://bis.zju.edu.cn/soyod/static/data/download/annotation/Lee_v2.GO.zip	soybean_SoyOD/annotation/Lee_v2.GO.zip	processed_go_enrichment
SoyOD	annotation	https://bis.zju.edu.cn/soyod/static/data/download/annotation/Lee_v2.KEGG.zip	soybean_SoyOD/annotation/Lee_v2.KEGG.zip	processed_kegg
SoyOD	annotation	https://bis.zju.edu.cn/soyod/static/data/download/annotation/Lee_v2.pfam.domain.zip	soybean_SoyOD/annotation/Lee_v2.pfam.domain.zip	processed_pfam
SoyOD	annotation	https://bis.zju.edu.cn/soyod/static/data/download/annotation/PI398296.GO.zip	soybean_SoyOD/annotation/PI398296.GO.zip	processed_go_enrichment
SoyOD	annotation	https://bis.zju.edu.cn/soyod/static/data/download/annotation/PI398296.KEGG.zip	soybean_SoyOD/annotation/PI398296.KEGG.zip	processed_kegg
SoyOD	annotation	https://bis.zju.edu.cn/soyod/static/data/download/annotation/PI398296.pfam.domain.zip	soybean_SoyOD/annotation/PI398296.pfam.domain.zip	processed_pfam
SoyOD	annotation	https://bis.zju.edu.cn/soyod/static/data/download/annotation/PI483463.GO.zip	soybean_SoyOD/annotation/PI483463.GO.zip	processed_go_enrichment
SoyOD	annotation	https://bis.zju.edu.cn/soyod/static/data/download/annotation/PI483463.KEGG.zip	soybean_SoyOD/annotation/PI483463.KEGG.zip	processed_kegg
SoyOD	annotation	https://bis.zju.edu.cn/soyod/static/data/download/annotation/PI483463.pfam.domain.zip	soybean_SoyOD/annotation/PI483463.pfam.domain.zip	processed_pfam
SoyOD	annotation	https://bis.zju.edu.cn/soyod/static/data/download/annotation/PI548362.GO.zip	soybean_SoyOD/annotation/PI548362.GO.zip	processed_go_enrichment
SoyOD	annotation	https://bis.zju.edu.cn/soyod/static/data/download/annotation/PI548362.KEGG.zip	soybean_SoyOD/annotation/PI548362.KEGG.zip	processed_kegg
SoyOD	annotation	https://bis.zju.edu.cn/soyod/static/data/download/annotation/PI548362.pfam.domain.zip	soybean_SoyOD/annotation/PI548362.pfam.domain.zip	processed_pfam
SoyOD	annotation	https://bis.zju.edu.cn/soyod/static/data/download/annotation/PI549046.GO.zip	soybean_SoyOD/annotation/PI549046.GO.zip	processed_go_enrichment
SoyOD	annotation	https://bis.zju.edu.cn/soyod/static/data/download/annotation/PI549046.KEGG.zip	soybean_SoyOD/annotation/PI549046.KEGG.zip	processed_kegg
SoyOD	annotation	https://bis.zju.edu.cn/soyod/static/data/download/annotation/PI549046.pfam.domain.zip	soybean_SoyOD/annotation/PI549046.pfam.domain.zip	processed_pfam
SoyOD	annotation	https://bis.zju.edu.cn/soyod/static/data/download/annotation/PI562565.GO.zip	soybean_SoyOD/annotation/PI562565.GO.zip	processed_go_enrichment
SoyOD	annotation	https://bis.zju.edu.cn/soyod/static/data/download/annotation/PI562565.KEGG.zip	soybean_SoyOD/annotation/PI562565.KEGG.zip	processed_kegg
SoyOD	annotation	https://bis.zju.edu.cn/soyod/static/data/download/annotation/PI562565.pfam.domain.zip	soybean_SoyOD/annotation/PI562565.pfam.domain.zip	processed_pfam
SoyOD	annotation	https://bis.zju.edu.cn/soyod/static/data/download/annotation/PI578357.GO.zip	soybean_SoyOD/annotation/PI578357.GO.zip	processed_go_enrichment
SoyOD	annotation	https://bis.zju.edu.cn/soyod/static/data/download/annotation/PI578357.KEGG.zip	soybean_SoyOD/annotation/PI578357.KEGG.zip	processed_kegg
SoyOD	annotation	https://bis.zju.edu.cn/soyod/static/data/download/annotation/PI578357.pfam.domain.zip	soybean_SoyOD/annotation/PI578357.pfam.domain.zip	processed_pfam
SoyOD	annotation	https://bis.zju.edu.cn/soyod/static/data/download/annotation/Qi_Huang_34.GO.zip	soybean_SoyOD/annotation/Qi_Huang_34.GO.zip	processed_go_enrichment
SoyOD	annotation	https://bis.zju.edu.cn/soyod/static/data/download/annotation/Qi_Huang_34.KEGG.zip	soybean_SoyOD/annotation/Qi_Huang_34.KEGG.zip	processed_kegg
SoyOD	annotation	https://bis.zju.edu.cn/soyod/static/data/download/annotation/Qi_Huang_34.pfam.domain.zip	soybean_SoyOD/annotation/Qi_Huang_34.pfam.domain.zip	processed_pfam
SoyOD	annotation	https://bis.zju.edu.cn/soyod/static/data/download/annotation/Shi_Sheng_Chang_Ye.GO.zip	soybean_SoyOD/annotation/Shi_Sheng_Chang_Ye.GO.zip	processed_go_enrichment
SoyOD	annotation	https://bis.zju.edu.cn/soyod/static/data/download/annotation/Shi_Sheng_Chang_Ye.KEGG.zip	soybean_SoyOD/annotation/Shi_Sheng_Chang_Ye.KEGG.zip	processed_kegg
SoyOD	annotation	https://bis.zju.edu.cn/soyod/static/data/download/annotation/Shi_Sheng_Chang_Ye.pfam.domain.zip	soybean_SoyOD/annotation/Shi_Sheng_Chang_Ye.pfam.domain.zip	processed_pfam
SoyOD	annotation	https://bis.zju.edu.cn/soyod/static/data/download/annotation/Tian_Long_1.GO.zip	soybean_SoyOD/annotation/Tian_Long_1.GO.zip	processed_go_enrichment
SoyOD	annotation	https://bis.zju.edu.cn/soyod/static/data/download/annotation/Tian_Long_1.KEGG.zip	soybean_SoyOD/annotation/Tian_Long_1.KEGG.zip	processed_kegg
SoyOD	annotation	https://bis.zju.edu.cn/soyod/static/data/download/annotation/Tian_Long_1.pfam.domain.zip	soybean_SoyOD/annotation/Tian_Long_1.pfam.domain.zip	processed_pfam
SoyOD	annotation	https://bis.zju.edu.cn/soyod/static/data/download/annotation/Tie_Feng_18.GO.zip	soybean_SoyOD/annotation/Tie_Feng_18.GO.zip	processed_go_enrichment
SoyOD	annotation	https://bis.zju.edu.cn/soyod/static/data/download/annotation/Tie_Feng_18.KEGG.zip	soybean_SoyOD/annotation/Tie_Feng_18.KEGG.zip	processed_kegg
SoyOD	annotation	https://bis.zju.edu.cn/soyod/static/data/download/annotation/Tie_Feng_18.pfam.domain.zip	soybean_SoyOD/annotation/Tie_Feng_18.pfam.domain.zip	processed_pfam
SoyOD	annotation	https://bis.zju.edu.cn/soyod/static/data/download/annotation/Tie_Jia_Si_Li_Huang.GO.zip	soybean_SoyOD/annotation/Tie_Jia_Si_Li_Huang.GO.zip	processed_go_enrichment
SoyOD	annotation	https://bis.zju.edu.cn/soyod/static/data/download/annotation/Tie_Jia_Si_Li_Huang.KEGG.zip	soybean_SoyOD/annotation/Tie_Jia_Si_Li_Huang.KEGG.zip	processed_kegg
SoyOD	annotation	https://bis.zju.edu.cn/soyod/static/data/download/annotation/Tie_Jia_Si_Li_Huang.pfam.domain.zip	soybean_SoyOD/annotation/Tie_Jia_Si_Li_Huang.pfam.domain.zip	processed_pfam
SoyOD	annotation	https://bis.zju.edu.cn/soyod/static/data/download/annotation/Tong_Shan_Tian_E_Dan.GO.zip	soybean_SoyOD/annotation/Tong_Shan_Tian_E_Dan.GO.zip	processed_go_enrichment
SoyOD	annotation	https://bis.zju.edu.cn/soyod/static/data/download/annotation/Tong_Shan_Tian_E_Dan.KEGG.zip	soybean_SoyOD/annotation/Tong_Shan_Tian_E_Dan.KEGG.zip	processed_kegg
SoyOD	annotation	https://bis.zju.edu.cn/soyod/static/data/download/annotation/Tong_Shan_Tian_E_Dan.pfam.domain.zip	soybean_SoyOD/annotation/Tong_Shan_Tian_E_Dan.pfam.domain.zip	processed_pfam
SoyOD	annotation	https://bis.zju.edu.cn/soyod/static/data/download/annotation/W05.GO.zip	soybean_SoyOD/annotation/W05.GO.zip	processed_go_enrichment
SoyOD	annotation	https://bis.zju.edu.cn/soyod/static/data/download/annotation/W05.KEGG.zip	soybean_SoyOD/annotation/W05.KEGG.zip	processed_kegg
SoyOD	annotation	https://bis.zju.edu.cn/soyod/static/data/download/annotation/W05.pfam.domain.zip	soybean_SoyOD/annotation/W05.pfam.domain.zip	processed_pfam
SoyOD	annotation	https://bis.zju.edu.cn/soyod/static/data/download/annotation/Wan_Dou_28.GO.zip	soybean_SoyOD/annotation/Wan_Dou_28.GO.zip	processed_go_enrichment
SoyOD	annotation	https://bis.zju.edu.cn/soyod/static/data/download/annotation/Wan_Dou_28.KEGG.zip	soybean_SoyOD/annotation/Wan_Dou_28.KEGG.zip	processed_kegg
SoyOD	annotation	https://bis.zju.edu.cn/soyod/static/data/download/annotation/Wan_Dou_28.pfam.domain.zip	soybean_SoyOD/annotation/Wan_Dou_28.pfam.domain.zip	processed_pfam
SoyOD	annotation	https://bis.zju.edu.cn/soyod/static/data/download/annotation/Wen_Feng_7.GO.zip	soybean_SoyOD/annotation/Wen_Feng_7.GO.zip	processed_go_enrichment
SoyOD	annotation	https://bis.zju.edu.cn/soyod/static/data/download/annotation/Wen_Feng_7.KEGG.zip	soybean_SoyOD/annotation/Wen_Feng_7.KEGG.zip	processed_kegg
SoyOD	annotation	https://bis.zju.edu.cn/soyod/static/data/download/annotation/Wen_Feng_7.pfam.domain.zip	soybean_SoyOD/annotation/Wen_Feng_7.pfam.domain.zip	processed_pfam
SoyOD	annotation	https://bis.zju.edu.cn/soyod/static/data/download/annotation/Xu_Dou_1.GO.zip	soybean_SoyOD/annotation/Xu_Dou_1.GO.zip	processed_go_enrichment
SoyOD	annotation	https://bis.zju.edu.cn/soyod/static/data/download/annotation/Xu_Dou_1.KEGG.zip	soybean_SoyOD/annotation/Xu_Dou_1.KEGG.zip	processed_kegg
SoyOD	annotation	https://bis.zju.edu.cn/soyod/static/data/download/annotation/Xu_Dou_1.pfam.domain.zip	soybean_SoyOD/annotation/Xu_Dou_1.pfam.domain.zip	processed_pfam
SoyOD	annotation	https://bis.zju.edu.cn/soyod/static/data/download/annotation/Yu_Dou_22.GO.zip	soybean_SoyOD/annotation/Yu_Dou_22.GO.zip	processed_go_enrichment
SoyOD	annotation	https://bis.zju.edu.cn/soyod/static/data/download/annotation/Yu_Dou_22.KEGG.zip	soybean_SoyOD/annotation/Yu_Dou_22.KEGG.zip	processed_kegg
SoyOD	annotation	https://bis.zju.edu.cn/soyod/static/data/download/annotation/Yu_Dou_22.pfam.domain.zip	soybean_SoyOD/annotation/Yu_Dou_22.pfam.domain.zip	processed_pfam
SoyOD	annotation	https://bis.zju.edu.cn/soyod/static/data/download/annotation/Zhong_Huang_35.GO.zip	soybean_SoyOD/annotation/Zhong_Huang_35.GO.zip	processed_go_enrichment
SoyOD	annotation	https://bis.zju.edu.cn/soyod/static/data/download/annotation/Zhong_Huang_35.KEGG.zip	soybean_SoyOD/annotation/Zhong_Huang_35.KEGG.zip	processed_kegg
SoyOD	annotation	https://bis.zju.edu.cn/soyod/static/data/download/annotation/Zhong_Huang_35.pfam.domain.zip	soybean_SoyOD/annotation/Zhong_Huang_35.pfam.domain.zip	processed_pfam
SoyOD	annotation	https://bis.zju.edu.cn/soyod/static/data/download/annotation/Zhutwinning2.GO.zip	soybean_SoyOD/annotation/Zhutwinning2.GO.zip	processed_go_enrichment
SoyOD	annotation	https://bis.zju.edu.cn/soyod/static/data/download/annotation/Zhutwinning2.KEGG.zip	soybean_SoyOD/annotation/Zhutwinning2.KEGG.zip	processed_kegg
SoyOD	annotation	https://bis.zju.edu.cn/soyod/static/data/download/annotation/Zhutwinning2.pfam.domain.zip	soybean_SoyOD/annotation/Zhutwinning2.pfam.domain.zip	processed_pfam
SoyOD	annotation	https://bis.zju.edu.cn/soyod/static/data/download/annotation/Zi_Hua_4.GO.zip	soybean_SoyOD/annotation/Zi_Hua_4.GO.zip	processed_go_enrichment
SoyOD	annotation	https://bis.zju.edu.cn/soyod/static/data/download/annotation/Zi_Hua_4.KEGG.zip	soybean_SoyOD/annotation/Zi_Hua_4.KEGG.zip	processed_kegg
SoyOD	annotation	https://bis.zju.edu.cn/soyod/static/data/download/annotation/Zi_Hua_4.pfam.domain.zip	soybean_SoyOD/annotation/Zi_Hua_4.pfam.domain.zip	processed_pfam
